class,smd,lower,upper,data_subset,n_studies,n_arms
Acupuncture + AD,-3.031187971387288,-4.129130275896674,-1.9332456668779014,CFB_only,130,284
Any AD,1.003165727199204,-0.7094411909176306,2.7157726453160387,CFB_only,130,284
Cognitive and cognitive behavioural therapies individual,-0.9608404074482548,-1.955872255703103,0.03419144080659342,CFB_only,130,284
Cognitive and cognitive behavioural therapies individual + AD,-0.9154592750087636,-1.6822817973410427,-0.14863675267648446,CFB_only,130,284
Exercise group,-0.4707195783415101,-1.3761222664911839,0.4346831098081635,CFB_only,130,284
Exercise individual,-0.4993388589575525,-1.2305689061531555,0.23189118823805055,CFB_only,130,284
Exercise individual + AD,-0.8637128948402424,-1.9692677021170828,0.24184191243659803,CFB_only,130,284
Interpersonal psychotherapy (IPT) individual + AD,1.3169861460408345,-0.7154292501524839,3.349401542234153,CFB_only,130,284
Light therapy,-0.9252895209718082,-1.8894083893457,0.03882934740208388,CFB_only,130,284
Light therapy + AD,-1.3112016392177241,-2.2868947613607578,-0.33550851707469065,CFB_only,130,284
Mirtazapine,-0.6744567708669393,-1.0246784235579216,-0.3242351181759571,CFB_only,130,284
No treatment,-0.4883736955917639,-1.475224835170196,0.49847744398666816,CFB_only,130,284
Placebo,0,0,0,CFB_only,130,284
Psychoeducation group + AD,1.4425143135774818,-0.6004570150114907,3.4854856421664544,CFB_only,130,284
Self-help with support,-0.8207577110708755,-1.9840936742280457,0.3425782520862948,CFB_only,130,284
Short-term psychodynamic psychotherapies individual,-0.545863032673136,-1.6854142139635082,0.5936881486172363,CFB_only,130,284
SNRIs,-0.6140727486135371,-0.8067621720429251,-0.4213833251841491,CFB_only,130,284
SSRIs,-0.5814842513850031,-0.7056545380841818,-0.4573139646858245,CFB_only,130,284
TAU,-0.6425992170381298,-1.7259579474344968,0.44075951335823715,CFB_only,130,284
TCAs,-0.5338897951098849,-0.7291319174129153,-0.3386476728068545,CFB_only,130,284
Trazodone,-0.4312127929218157,-0.8072309136966839,-0.05519467214694751,CFB_only,130,284
Waitlist,0.08470731131748055,-1.3521105420305124,1.5215251646654735,CFB_only,130,284
Acupuncture,-1.2999106641099973,-1.8691215608773715,-0.7306997673426233,CFB_plus_BF,283,616
Acupuncture + AD,-1.7677619795616764,-2.263509676043813,-1.27201428307954,CFB_plus_BF,283,616
Any AD,-0.6560023932378565,-1.168314171803138,-0.14369061467257505,CFB_plus_BF,283,616
Any psychotherapy,0.1797471734741638,-0.8693545572712826,1.2288489042196102,CFB_plus_BF,283,616
Attention placebo,0.7122346063798517,-0.2824334600134125,1.7069026727731158,CFB_plus_BF,283,616
Behavioural therapies individual,0.3349107980581838,-0.37392768145057886,1.0437492775669464,CFB_plus_BF,283,616
Behavioural therapies individual + AD,-0.735365907993546,-1.7906924525018937,0.3199606365148018,CFB_plus_BF,283,616
Cognitive and cognitive behavioural therapies group,-0.954611904913917,-1.6176095650269513,-0.2916142448008828,CFB_plus_BF,283,616
Cognitive and cognitive behavioural therapies group + AD,-1.3198550943248737,-2.3227117238063615,-0.3169984648433857,CFB_plus_BF,283,616
Cognitive and cognitive behavioural therapies individual,-0.8086136170268694,-1.1347269686031634,-0.4825002654505754,CFB_plus_BF,283,616
Cognitive and cognitive behavioural therapies individual + AD,-1.32141787071635,-1.852220347709217,-0.7906153937234829,CFB_plus_BF,283,616
Cognitive and cognitive behavioural therapies individual + placebo,-1.2939287717018657,-2.159260742294095,-0.4285968011096367,CFB_plus_BF,283,616
Counselling individual,-0.5996763351299963,-1.2034906404697963,0.004137970209803776,CFB_plus_BF,283,616
Counselling individual + AD,-0.19307145344032683,-1.4921150885758032,1.1059721816951495,CFB_plus_BF,283,616
Counselling individual + placebo,0.1506980539738887,-1.6355157990299813,1.9369119069777587,CFB_plus_BF,283,616
Exercise group,-0.8802982466209683,-1.5825573660528083,-0.1780391271891284,CFB_plus_BF,283,616
Exercise group + AD,-3.4641605673427973,-4.683225783053581,-2.245095351632014,CFB_plus_BF,283,616
Exercise individual,-0.7400526042523965,-1.4262855186070293,-0.053819689897763645,CFB_plus_BF,283,616
Exercise individual + AD,-1.4359092344118256,-2.3366427425164766,-0.5351757263071746,CFB_plus_BF,283,616
Interpersonal psychotherapy (IPT) individual,-0.545491154875632,-1.1762644058522636,0.08528209610099935,CFB_plus_BF,283,616
Interpersonal psychotherapy (IPT) individual + AD,-0.8214615113435224,-1.557816382259645,-0.0851066404273999,CFB_plus_BF,283,616
Interpersonal psychotherapy (IPT) individual + placebo,-0.520389431243073,-1.3525382162121435,0.3117593537259975,CFB_plus_BF,283,616
Light therapy,-0.8872179593450853,-1.9060760613935135,0.1316401427033429,CFB_plus_BF,283,616
Light therapy + AD,-1.2400543984235028,-2.0444455650303937,-0.43566323181661204,CFB_plus_BF,283,616
Mindfulness or meditation group,-4.201113094602149,-5.9386337771300095,-2.4635924120742874,CFB_plus_BF,283,616
Mirtazapine,-0.7777939722050693,-1.0632507018299406,-0.492337242580198,CFB_plus_BF,283,616
Music therapy group,-0.7322380911758444,-2.1777466480509564,0.7132704656992677,CFB_plus_BF,283,616
No treatment,-0.07003596273575408,-0.5358358361401667,0.3957639106686586,CFB_plus_BF,283,616
Peer support group,-1.3470808024409675,-2.6343537193901687,-0.05980788549176608,CFB_plus_BF,283,616
Peer support group + AD,-1.4680195240515124,-2.7536612243710046,-0.18237782373202038,CFB_plus_BF,283,616
Placebo,0,0,0,CFB_plus_BF,283,616
Problem solving group,-2.7186248925113747,-3.9256798056205406,-1.5115699794022088,CFB_plus_BF,283,616
Problem solving individual,-0.8640602476370205,-1.5108726550084826,-0.21724784026555854,CFB_plus_BF,283,616
Psychoeducation group,-1.3055986673664686,-2.588105332771475,-0.023092001961462216,CFB_plus_BF,283,616
Psychoeducation group + AD,-0.4588935636835503,-1.6321645771068547,0.7143774497397541,CFB_plus_BF,283,616
Relaxation individual + AD,-0.7949542109663832,-1.9935683590468776,0.4036599371141112,CFB_plus_BF,283,616
Relaxation individual + placebo,-0.16248910438153885,-1.3442718678555843,1.0192936590925066,CFB_plus_BF,283,616
Self-help,-0.48142598808391623,-1.0569846671589809,0.0941326909911484,CFB_plus_BF,283,616
Self-help with support,-0.4990275589901034,-1.058904575028217,0.06084945704801015,CFB_plus_BF,283,616
Sham acupuncture,-0.5520238933002743,-1.4902060919031201,0.38615830530257145,CFB_plus_BF,283,616
Short-term psychodynamic psychotherapies individual,-0.6672182682464971,-1.324930739933992,-0.009505796559002189,CFB_plus_BF,283,616
Short-term psychodynamic psychotherapies individual + AD,-0.49665384275735347,-1.6524091645513623,0.6591014790366554,CFB_plus_BF,283,616
SNRIs,-0.779131283776465,-0.9385361711528432,-0.6197263964000869,CFB_plus_BF,283,616
SSRIs,-0.5392820187131959,-0.6534905564987143,-0.4250734809276775,CFB_plus_BF,283,616
TAU,-0.322592375902945,-0.8648475248198507,0.21966277301396075,CFB_plus_BF,283,616
TCAs,-0.6442909865615598,-0.804451909222335,-0.4841300639007846,CFB_plus_BF,283,616
Trazodone,-0.39444348386063677,-0.7495902272707717,-0.039296740450501855,CFB_plus_BF,283,616
Waitlist,0.9461264047653843,0.4075231800868634,1.4847296294439052,CFB_plus_BF,283,616
Yoga group,-0.7561217285380071,-1.724600669760989,0.21235721268497487,CFB_plus_BF,283,616
Yoga group + AD,-1.8479425356554886,-3.284189952848373,-0.4116951184626041,CFB_plus_BF,283,616
Acupuncture,-0.9569073488673103,-1.4773665497717132,-0.43644814796290743,ALL,311,675
Acupuncture + AD,-1.775668077798417,-2.276478911969349,-1.2748572436274852,ALL,311,675
Any AD,-0.6830589216174818,-1.194380212186119,-0.17173763104884476,ALL,311,675
Any psychotherapy,0.1290621244180281,-0.9300757205410761,1.1881999693771323,ALL,311,675
Attention placebo,0.5656044933518407,-0.4313472549178127,1.5625562416214942,ALL,311,675
Behavioural therapies individual,0.29385073470239575,-0.4212199280237401,1.0089213974285316,ALL,311,675
Behavioural therapies individual + AD,-0.7477860513512757,-1.8131107578010999,0.3175386550985484,ALL,311,675
Cognitive and cognitive behavioural therapies group,-0.9187050985902436,-1.503528391353472,-0.3338818058270151,ALL,311,675
Cognitive and cognitive behavioural therapies group + AD,-1.347179634092623,-2.3586269616973983,-0.33573230648784746,ALL,311,675
Cognitive and cognitive behavioural therapies individual,-0.8699326196446124,-1.1896900376937665,-0.5501752015954583,ALL,311,675
Cognitive and cognitive behavioural therapies individual + AD,-1.3565968037157177,-1.8911645576260783,-0.8220290498053571,ALL,311,675
Cognitive and cognitive behavioural therapies individual + placebo,-1.3312080013458854,-2.2049801597734344,-0.4574358429183363,ALL,311,675
Counselling individual,-0.688949547474826,-1.291884995402302,-0.08601409954734984,ALL,311,675
Counselling individual + AD,-0.21066673538984304,-1.5224224581800498,1.1010889874003638,ALL,311,675
Counselling individual + placebo,0.13310277202438048,-1.6724898735347575,1.9386954175835185,ALL,311,675
Exercise group,-0.9110572176444229,-1.619748744060082,-0.20236569122876402,ALL,311,675
Exercise group + AD,-3.47288303101279,-4.706367973217935,-2.2393980888076452,ALL,311,675
Exercise individual,-0.7690457115073044,-1.4616857189685426,-0.07640570404606606,ALL,311,675
Exercise individual + AD,-1.46650101445237,-2.374421506417629,-0.558580522487111,ALL,311,675
Interpersonal psychotherapy (IPT) individual,-0.5748114349090216,-1.2109235700059777,0.06130070018793432,ALL,311,675
Interpersonal psychotherapy (IPT) individual + AD,-0.8348680296982698,-1.5777017857190256,-0.09203427367751393,ALL,311,675
Interpersonal psychotherapy (IPT) individual + placebo,-0.5406217658894832,-1.381014364308561,0.2997708325295948,ALL,311,675
Light therapy,-0.8870371368937979,-1.9184351841051677,0.1443609103175718,ALL,311,675
Light therapy + AD,-1.2308642679265915,-2.044471852592845,-0.41725668326033805,ALL,311,675
Mindfulness or meditation group,-4.257120572296982,-6.004299452298133,-2.509941692295831,ALL,311,675
Mirtazapine,-0.7524135891265162,-1.0054423569485202,-0.49938482130451217,ALL,311,675
Music therapy group,-0.7882455688706562,-2.245349170029188,0.6688580322878757,ALL,311,675
No treatment,-0.12604344043056592,-0.5888709199800264,0.3367840391188946,ALL,311,675
Peer support group,-1.3741373308205933,-2.675088455648276,-0.07318620599291048,ALL,311,675
Peer support group + AD,-1.4950760524311373,-2.7944131326685566,-0.19573897219371794,ALL,311,675
Placebo,0,0,0,ALL,311,675
Problem solving group,-2.9950869382684653,-4.190280481199832,-1.7998933953370984,ALL,311,675
Problem solving individual,-0.9853788622964861,-1.63039859652682,-0.3403591280661522,ALL,311,675
Psychoeducation group,-1.3616061450612782,-2.6571675150157326,-0.06604477510682405,ALL,311,675
Psychoeducation group + AD,-0.47898758278313114,-1.6644626797163562,0.7064875141500939,ALL,311,675
Relaxation individual + AD,-0.8048167747623296,-2.0142858335179166,0.40465228399325737,ALL,311,675
Relaxation individual + placebo,-0.17233114093679447,-1.365123696153501,1.020461414279912,ALL,311,675
Self-help,-0.6538298339595299,-1.2109098758835952,-0.09674979203546452,ALL,311,675
Self-help with support,-0.6357475323656256,-1.1830864431274852,-0.08840862160376606,ALL,311,675
Sham acupuncture,-0.3352531686939635,-1.0942669981334259,0.4237606607454988,ALL,311,675
Short-term psychodynamic psychotherapies individual,-0.7275390590255744,-1.3896160587261301,-0.06546205932501858,ALL,311,675
Short-term psychodynamic psychotherapies individual + AD,-0.519047179428691,-1.6858570546358236,0.6477626957784415,ALL,311,675
SNRIs,-0.751528993441736,-0.901682054002422,-0.60137593288105,ALL,311,675
SSRIs,-0.548004482383166,-0.6575148921463618,-0.43849407261997014,ALL,311,675
TAU,-0.3574689200727521,-0.8987728731312885,0.1838350329857843,ALL,311,675
TCAs,-0.6616031369203803,-0.8143894929215149,-0.5088167809192458,ALL,311,675
Trazodone,-0.3916811029292804,-0.736232972074853,-0.0471292337837077,ALL,311,675
Waitlist,0.6720149046399104,0.17917470610901853,1.1648551031708023,ALL,311,675
Yoga group,-0.902381202677117,-1.8732508447051002,0.06848843935086635,ALL,311,675
Yoga group + AD,-1.874999064035113,-3.3235186220227635,-0.42647950604746265,ALL,311,675
