studyid,arm,treatment,class,data_type,n,mean_change,sd_change,approx_smd
003-008 (FDA),1,1,Placebo,CFB,28,-9.6,7.7,-1.2467532467532467
003-008 (FDA),2,6,Mirtazapine,CFB,30,-7.6,7.7,-0.9870129870129869
003-008 (FDA),3,6,Mirtazapine,CFB,28,-7.3,7.7,-0.948051948051948
29060 07 001,1,1,Placebo,CFB,11,-10.91,9.38604815670578,-1.1623635227361844
29060 07 001,2,43,SSRIs,CFB,12,-13.08,10.2190997646564,-1.2799561900000487
29060 07 001,3,45,TCAs,CFB,13,-13.31,11.1050979284291,-1.1985486382723687
29060/299,1,43,SSRIs,CFB,102,-14.3,9.35,-1.5294117647058825
29060/299,2,45,TCAs,CFB,100,-14.39,8.39,-1.7151370679380213
Aguglia 1993,1,42,SSRIs,BF,40,-15.9,8.326463835266445,-1.9095741379018678
Aguglia 1993,2,44,SSRIs,BF,48,-17.299999999999997,9.328987083279728,-1.8544349826581554
Ai 2018,1,43,SSRIs,BF,50,-18.57,5.3301125691677465,-3.48397895148011
Ai 2018,2,97,Acupuncture + AD,BF,50,-21.71,4.709278076308512,-4.610048429549937
Akhondzadeh 2003,1,42,SSRIs,CFB,17,-16.82,11.08,-1.5180505415162455
Akhondzadeh 2003,2,50,TCAs,CFB,20,-20.3,8.12,-2.5000000000000004
Albornoz 2011,1,3,No treatment,BF,12,-3.84,7.161340656608929,-0.536212447379697
Albornoz 2011,2,30,Music therapy group,BF,12,-7.83,4.617889128162346,-1.6955799030012417
Alexopoulos 2003b,1,15,Problem solving individual,BF,12,-16.81,5.418662196520466,-3.1022417324324727
Alexopoulos 2003b,2,17,Counselling individual,BF,13,-11.43,5.93854359249808,-1.9247143381146603
Allard 2004,1,40,SSRIs,BF,75,-17.4,7.209022125087426,-2.4136421969698123
Allard 2004,2,52,SNRIs,BF,73,-18,6.85054742338158,-2.627527245277401
Allen 2006,1,4,Waitlist,BIN,52,-7.443281745017741,4.2,-1.7722099392899382
Allen 2006,2,56,Sham acupuncture,BIN,52,-9.279487685584922,5,-1.8558975371169844
Allen 2006,3,59,Acupuncture,BIN,53,-7.138184728718421,4.8,-1.4871218184830044
Alves 1999,1,42,SSRIs,BIN,47,-14.395156621793028,3.9,-3.691065800459751
Alves 1999,2,52,SNRIs,BIN,40,-15.953666425319351,5.2,-3.0680127740998753
Amsterdam 1986,1,1,Placebo,BF,54,-5.699999999999999,7.463718912177763,-0.7636943549280655
Amsterdam 1986,2,45,TCAs,BF,55,-12.4,7.439764781227965,-1.6667193607098594
Andreescu 2011,1,55,Sham acupuncture,CFB,22,-7.9,7.4,-1.0675675675675675
Andreescu 2011,2,57,Acupuncture,CFB,23,-7.4,6.2,-1.1935483870967742
Andreoli 2002/Dubini 1997/Massana 1998_study 1,1,1,Placebo,CFB,128,-8.6,4.47,-1.9239373601789709
Andreoli 2002/Dubini 1997/Massana 1998_study 1,2,42,SSRIs,CFB,127,-13.3,4.6,-2.8913043478260874
Arean 1993,1,4,Waitlist,BF,20,-0.3999999999999986,5.07444578254611,-0.07882634225314318
Arean 1993,2,16,Problem solving group,BF,19,-16.4,6.02245796996542,-2.723140631580724
Arean 2010,1,15,Problem solving individual,BF,110,-11.27,7.148251534466313,-1.5766093212668986
Arean 2010,2,17,Counselling individual,BF,111,-8.62,6.550572494064927,-1.3159155185001088
Ashouri 2013,1,53,Any AD,BF,13,-8.749999999999996,5.6707230579530155,-1.5430131061908214
Ashouri 2013,2,69,Cognitive and cognitive behavioural therapies individual + AD,BF,10,-16.099999999999998,5.117069473829723,-3.1463321110530904
Ashouri 2013,3,75,Cognitive and cognitive behavioural therapies individual + AD,BF,10,-21,3.5328883367578996,-5.944144846443551
Badyal 2005,1,51,SNRIs,BIN,13,-16.93019218068212,2.5,-6.772076872272848
Badyal 2005,2,52,SNRIs,BIN,13,-17.558672962613908,2.25,-7.803854650050626
Bakish 1992b,1,1,Placebo,BIN,56,-10.216661369789971,3.56,-2.8698486993792054
Bakish 1992b,2,45,TCAs,BIN,59,-12.064806166068209,3.43,-3.517436200019886
Baldwin 2006b,1,41,SSRIs,BF,165,-76.36,5.908787379126166,-12.92312535559414
Baldwin 2006b,2,43,SSRIs,BF,158,-77.71,5.852088657900742,-13.279019601845212
Baldwin 2012,1,1,Placebo,CFB,145,-14.8,9.63,-1.5368639667705088
Baldwin 2012,2,51,SNRIs,CFB,149,-16.8,9.77,-1.7195496417604914
Balestrieri 1971,1,45,TCAs,BF,37,-12.989999999999998,9.291307765863747,-1.3980809082361088
Balestrieri 1971,2,48,TCAs,BF,37,-11.93,7.319371557722699,-1.6299213540283533
Basterzi 2009,1,42,SSRIs,BF,22,-13.6,7.036334272900912,-1.9328246033417975
Basterzi 2009,2,52,SNRIs,BF,21,-15.3,7.066116330771806,-2.1652629653676874
Baune 2018,1,1,Placebo,CFB,48,-8,8.38,-0.954653937947494
Baune 2018,2,43,SSRIs,CFB,52,-15.96,8.58,-1.8601398601398602
Beach 1992,1,4,Waitlist,BF,15,-7.859999999999999,9.251535007770332,-0.8495887432083878
Beach 1992,2,10,Cognitive and cognitive behavioural therapies individual,BF,15,-17.4,7.366437402163952,-2.362064462108726
Beasley 1991a,1,7,Trazodone,CFB,57,-13.9,7.7,-1.8051948051948052
Beasley 1991a,2,42,SSRIs,CFB,63,-12.2,7.2,-1.6944444444444442
Beasley 1993b,1,42,SSRIs,CFB,65,-12.9,9.9,-1.303030303030303
Beasley 1993b,2,45,TCAs,CFB,71,-11.6,10.3,-1.1262135922330097
Benkert 1996,1,48,TCAs,BIN,82,-19.538495365278152,5.7,-3.4278062044347632
Benkert 1996,2,52,SNRIs,BIN,85,-18.674344123355993,6.2,-3.0119909876380633
Benkert 2000,1,6,Mirtazapine,BIN,139,-11.468089056553149,3.3,-3.475178501985803
Benkert 2000,2,43,SSRIs,BIN,136,-11.082014295481342,3.2,-3.463129467337919
Bersani 1994,1,44,SSRIs,BF,31,-17,6.025777958073132,-2.821212483812813
Bersani 1994,2,45,TCAs,BF,30,-16,5.56506963119061,-2.875076335132379
Bhargava 2012,1,44,SSRIs,BF,30,-11.7,3.088219551780605,-3.7885907409834307
Bhargava 2012,2,48,TCAs,BF,30,-13.33,4.115191368575707,-3.2392175250439434
Bielski 2004,1,41,SSRIs,CFB,97,-15.9,10.3,-1.5436893203883495
Bielski 2004,2,52,SNRIs,CFB,98,-13.6,9.6,-1.4166666666666667
Binnemann 2008,1,1,Placebo,CFB,31,-10.18,7.57,-1.344782034346103
Binnemann 2008,2,44,SSRIs,CFB,30,-13.42,7.61,-1.7634691195795005
Bjerkenstedt 2005,1,1,Placebo,CFB,55,-9.7,7,-1.3857142857142857
Bjerkenstedt 2005,2,42,SSRIs,CFB,54,-8.9,8,-1.1125
Blackburn 1997,1,10,Cognitive and cognitive behavioural therapies individual,BF,24,-9.5,6.274551776820397,-1.5140523718515055
Blackburn 1997,2,53,Any AD,BF,21,-9.2,6.609084656743323,-1.3920233251382452
Blackburn 1997,3,53,Any AD,BF,17,-8.3,5.467174773134658,-1.5181515763471953
Blashki 1971,1,1,Placebo,BF,18,-7.499999999999998,8.31384387633061,-0.9021097956087901
Blashki 1971,2,45,TCAs,BF,13,-11.1,5.302829433425141,-2.093222144773082
Blashki 1971,3,45,TCAs,BF,14,-12.500000000000002,4.712748667179272,-2.652379934252179
Blom 2007,1,18,Interpersonal psychotherapy (IPT) individual,BF,50,-9.9,9.7923439482077,-1.0109939001695305
Blom 2007,2,36,Interpersonal psychotherapy (IPT) individual + placebo,BF,47,-11.1,10.653168542738822,-1.041943526516882
Blom 2007,3,53,Any AD,BF,47,-6.400000000000002,8.675828490697588,-0.7376817103821521
Blom 2007,4,78,Interpersonal psychotherapy (IPT) individual + AD,BF,49,-12.8,9.439809320108113,-1.3559595926089536
Blumenthal 2007/Hoffman 2011,1,1,Placebo,CFB,49,-6.1,7.3,-0.8356164383561644
Blumenthal 2007/Hoffman 2011,2,44,SSRIs,CFB,49,-6.1,6.7,-0.9104477611940298
Blumenthal 2007/Hoffman 2011,3,62,Exercise individual,CFB,53,-7.1,6.9,-1.0289855072463767
Blumenthal 2007/Hoffman 2011,4,63,Exercise group,CFB,51,-7.2,6.9,-1.0434782608695652
Bose 2008,1,1,Placebo,CFB,134,-10.6,10.42,-1.017274472168906
Bose 2008,2,41,SSRIs,CFB,129,-12.1,10.22,-1.1839530332681016
Boulenger 2006,1,41,SSRIs,BF,228,-95.6,5.632946712496982,-16.971578976223313
Boulenger 2006,2,43,SSRIs,BF,223,-92.7,5.686539710966275,-16.30165350313682
Boulenger 2014,1,1,Placebo,CFB,158,-11.7,9.55,-1.2251308900523559
Boulenger 2014,2,51,SNRIs,CFB,146,-21.15,9.3,-2.2741935483870965
Bowman 1995,1,4,Waitlist,BF,10,-0.1999999999999993,7.196526940128829,-0.0277911833949751
Bowman 1995,2,20,Self-help,BF,10,-8.500000000000002,6.615889962809236,-1.2847855765108185
Bowman 1995,3,20,Self-help,BF,10,-9.6,4.20356991139674,-2.2837731267350714
Boyer 1998,1,42,SSRIs,BF,115,-17.9,6.967909305378377,-2.568919774283425
Boyer 1998,2,44,SSRIs,BF,116,-17.9,6.639971794448689,-2.695794583791032
Brannan 2005,1,1,Placebo,CFB,136,-10.27,7.81,-1.3149807938540332
Brannan 2005,2,51,SNRIs,CFB,132,-10.85,7.93,-1.3682219419924337
Burke 2002,1,1,Placebo,CFB,119,-9.4,9.82,-0.9572301425661914
Burke 2002,2,40,SSRIs,CFB,125,-12,10.06,-1.1928429423459244
Burke 2002,3,41,SSRIs,CFB,118,-12.8,8.69,-1.472957422324511
Burke 2002,4,41,SSRIs,CFB,123,-13.9,8.87,-1.5670800450958289
Carman 1991,1,1,Placebo,CFB,48,-7.5,7.76,-0.9664948453608248
Carman 1991,2,45,TCAs,CFB,48,-13.5,7.76,-1.7396907216494846
Chang 2015,1,42,SSRIs,BF,58,-16.3,6.920260110718383,-2.3554027940010362
Chang 2015,2,52,SNRIs,BF,54,-17.2,7.422263805605404,-2.317352286375257
Chiu 1996,1,43,SSRIs,CFB,15,-20.2,9.1,-2.21978021978022
Chiu 1996,2,48,TCAs,CFB,15,-15.3,8.4,-1.8214285714285714
Choi 2012,1,4,Waitlist,BF,30,0.4400000000000013,7.723807351300264,0.056966723791463995
Choi 2012,2,25,Self-help with support,BF,25,-12.28,8.928656113884106,-1.3753469551710629
Choi 2014a/Choi 2014b,1,2,Attention placebo,BF,36,-5.710000000000001,6.740059346919728,-0.8471735493856631
Choi 2014a/Choi 2014b,2,15,Problem solving individual,BF,43,-9.86,6.151812740973184,-1.6027796058109858
Choi 2014a/Choi 2014b,3,15,Problem solving individual,BF,42,-13.67,5.767867890304007,-2.3700265436002375
Chouinard 1999,1,42,SSRIs,CFB,98,-14.78,10.8894444302728,-1.357277691680156
Chouinard 1999,2,43,SSRIs,CFB,100,-13.92,11,-1.2654545454545454
Claghorn 1992a,1,1,Placebo,CFB,27,-4.59,9.35,-0.4909090909090909
Claghorn 1992a,2,43,SSRIs,CFB,32,-10.72,9.39,-1.1416400425985092
Claghorn 1992b,1,1,Placebo,CFB,27,-5.49,8.31,-0.6606498194945848
Claghorn 1992b,2,43,SSRIs,CFB,32,-11.44,8.32,-1.375
Clayton 2006_study 1,1,1,Placebo,CFB,130,-12.1,7.98,-1.5162907268170425
Clayton 2006_study 1,2,41,SSRIs,CFB,133,-14.2,8.07,-1.7596034696406442
Clayton 2006_study 2,1,1,Placebo,CFB,126,-11.9,7.86,-1.5139949109414759
Clayton 2006_study 2,2,41,SSRIs,CFB,133,-12.9,8.07,-1.5985130111524164
Clerc 1994,1,42,SSRIs,BF,34,-15.700000000000005,13.228756555322953,-1.1868084452489738
Clerc 1994,2,52,SNRIs,BF,33,-22.799999999999997,10.714009520249643,-2.128054857232266
Cohn 1990b,1,44,SSRIs,CFB,121,-13.3,7.76,-1.713917525773196
Cohn 1990b,2,45,TCAs,CFB,64,-14.2,7.76,-1.8298969072164948
Colonna 2005,1,40,SSRIs,BIN,182,-18.22958673460493,4.7,-3.878635475447857
Colonna 2005,2,41,SSRIs,BIN,175,-17.708565315351915,4.3,-4.1182710035702135
Connolly Gibbons 2012,1,29,Short-term psychodynamic psychotherapies individual,BF,16,-6.399999999999999,5.820472489411834,-1.099567090411027
Connolly Gibbons 2012,2,33,Any psychotherapy,BF,15,-3.8999999999999986,6.611837868550619,-0.5898511242313504
Connolly Gibbons 2016,1,10,Cognitive and cognitive behavioural therapies individual,BF,119,-5.02,5.118622861668947,-0.9807325399166464
Connolly Gibbons 2016,2,29,Short-term psychodynamic psychotherapies individual,BF,118,-4.16,5.319013066349808,-0.7820999775912968
Cornelius 1997,1,37,Counselling individual + placebo,CFB,26,-2,13.3,-0.15037593984962405
Cornelius 1997,2,81,Counselling individual + AD,CFB,25,-6,9.6,-0.625
Costa 1998,1,42,SSRIs,BF,186,-20.6,6.898550572402872,-2.986134519678487
Costa 1998,2,52,SNRIs,BF,196,-21.4,7.544534445544006,-2.8364904626606062
Costa 2016,1,26,Self-help with support,BF,19,-9.6,11.05305387664423,-0.868538243560486
Costa 2016,2,27,Self-help with support,BF,18,-13.7,6.954135460285484,-1.9700507817599486
Cutler 2009,1,1,Placebo,BF,152,-71.78,6.386706041854399,-11.23897037527634
Cutler 2009,2,51,SNRIs,BF,141,-75.44,6.083134085890865,-12.40150207686108
De Ronchi 1998,1,42,SSRIs,BF,32,-11.38,7.405207627068941,-1.536756371070763
De Ronchi 1998,2,45,TCAs,BF,33,-12.56,8.198225417735232,-1.5320388693910436
DeJonghe 2001/Kool 2003,1,53,Any AD,BF,20,-9.1,7.885004755864133,-1.1540893482952266
DeJonghe 2001/Kool 2003,2,82,Short-term psychodynamic psychotherapies individual + AD,BF,23,-8.61,5.852725860656725,-1.4711093950048577
DeNayer 2002,1,42,SSRIs,CFB,67,-10.4,8.6,-1.2093023255813955
DeNayer 2002,2,52,SNRIs,CFB,64,-14.4,7.6,-1.8947368421052633
DeWilde 1993,1,42,SSRIs,CFB,41,-15,10.3,-1.4563106796116503
DeWilde 1993,2,43,SSRIs,CFB,37,-17.3,9.5,-1.8210526315789475
Dekker 2005,1,82,Short-term psychodynamic psychotherapies individual + AD,BF,45,-8.299999999999999,5.9025418253494815,-1.4061738562112718
Dekker 2005,2,82,Short-term psychodynamic psychotherapies individual + AD,BF,45,-8.200000000000001,6.609084656743323,-1.240716441971045
Demyttenaere 1998,1,42,SSRIs,BF,35,-14.999999999999998,5.538050198400155,-2.7085344954679598
Demyttenaere 1998,2,45,TCAs,BF,31,-16.7,4.1581245772583575,-4.016233686536413
Detke 2002a,1,1,Placebo,BF,139,-49.21,5.472211774825253,-8.992707523928285
Detke 2002a,2,51,SNRIs,BF,128,-51.12,5.472211774825253,-9.341743723292296
Detke 2002b,1,1,Placebo,BF,122,-48.33,5.643599390573292,-8.563683680441128
Detke 2002b,2,51,SNRIs,BF,123,-53.75,5.857725435884712,-9.175916588839224
Detke 2004,1,1,Placebo,CFB,93,-8.8,4.82,-1.8257261410788381
Detke 2004,2,43,SSRIs,CFB,85,-11.7,4.61,-2.5379609544468544
Detke 2004,3,51,SNRIs,CFB,93,-11,4.82,-2.2821576763485476
Detke 2004,4,51,SNRIs,CFB,93,-12.1,4.82,-2.5103734439834025
Deushle 2003,1,43,SSRIs,BF,40,-10.900000000000002,7.118988692223074,-1.5311163525104878
Deushle 2003,2,45,TCAs,BF,40,-13.5,6.481512169239521,-2.0828472812362184
Diaz-Martinez 1998,1,42,SSRIs,BF,55,-24,7.170064513084519,-3.3472502173729177
Diaz-Martinez 1998,2,52,SNRIs,BF,55,-23.1,7.102259599865576,-3.252486011696505
Dierick 1996,1,42,SSRIs,BF,161,-14.2,7.697817872618189,-1.8446786134692328
Dierick 1996,2,52,SNRIs,BF,153,-16.3,8.606392972668631,-1.8939409403874536
Doogan 1994,1,1,Placebo,BF,90,-66.7,5.477264383793169,-12.17761191104094
Doogan 1994,2,44,SSRIs,BF,83,-71.19999999999999,5.477264383793169,-12.999189926028706
Doongaji 1993,1,45,TCAs,CFB,63,-7.5,5.56,-1.3489208633093526
Doongaji 1993,2,49,TCAs,CFB,63,-7.4,3.97,-1.8639798488664987
Duan 2009,1,42,SSRIs,BF,44,-12.400000000000002,4.856953777832356,-2.5530405614718625
Duan 2009,2,94,Acupuncture + AD,BF,46,-13.7,4.648655719667784,-2.9470885404649994
Dube 2010,1,1,Placebo,CFB,122,-13,8.84,-1.4705882352941178
Dube 2010,2,41,SSRIs,CFB,54,-15,8.82,-1.7006802721088434
Dubey 2012,1,48,TCAs,CFB,30,-25.53,7.82,-3.264705882352941
Dubey 2012,2,51,SNRIs,CFB,30,-20.27,7.04,-2.8792613636363638
Dunn 2005,1,60,Exercise individual,BF,17,-10.1,3.1176914536239795,-3.2395765104528995
Dunn 2005,2,60,Exercise individual,BF,16,-9.1,4.794788837894741,-1.8978937983837383
Dunn 2005,3,61,Exercise individual,BF,16,-7.600000000000001,5.03189825016365,-1.5103644036826123
Dunn 2005,4,61,Exercise individual,BF,18,-6.399999999999999,4.334743360338648,-1.4764426559961334
Dunn 2005,5,61,Exercise individual,BF,13,-6.5,4.24381903478459,-1.531639296285387
E-1569,1,6,Mirtazapine,CFB,72,-12.2,7.5,-1.6266666666666665
E-1569,2,43,SSRIs,CFB,72,-15,6.6,-2.272727272727273
Egede 2015,1,8,Behavioural therapies individual,BIN,121,-4.360804619407286,10.3,-0.4233790892628433
Egede 2015,2,8,Behavioural therapies individual,BIN,120,-3.5369532842482077,9.8,-0.3609136004334906
Eli Lilly HMAT-A,1,1,Placebo,CFB,89,-4.78,6.42,-0.7445482866043615
Eli Lilly HMAT-A,2,43,SSRIs,CFB,87,-7.4,6.44,-1.1490683229813665
Eli Lilly HMAT-A,3,51,SNRIs,CFB,81,-6.31,6.3,-1.0015873015873016
Elkin 1989/Imber 1990,1,1,Placebo,BF,62,-6.300000000000001,6.791170738539858,-0.9276751008846729
Elkin 1989/Imber 1990,2,10,Cognitive and cognitive behavioural therapies individual,BF,59,-8.900000000000002,6.84178339323893,-1.3008304251191303
Elkin 1989/Imber 1990,3,18,Interpersonal psychotherapy (IPT) individual,BF,61,-9.8,6.872408602520662,-1.42599204540975
Elkin 1989/Imber 1990,4,48,TCAs,BF,57,-9.7,6.791170738539858,-1.428325155330369
Emsley 2018,1,1,Placebo,BF,106,-9.5,5.977457653551383,-1.589304441890236
Emsley 2018,2,41,SSRIs,BF,98,-13.6,5.71664237118258,-2.379018857040487
FDA 244 (EMD 68 843-009),1,1,Placebo,CFB,95,-9.3,7.8,-1.1923076923076925
FDA 244 (EMD 68 843-009),2,42,SSRIs,CFB,89,-9.1,7.4,-1.2297297297297296
FDA 245 (EMD 68 843-010),1,1,Placebo,CFB,99,-10.2,7.96,-1.2814070351758793
FDA 245 (EMD 68 843-010),2,42,SSRIs,CFB,92,-11.1,7.67,-1.4471968709256844
Fabre 1992,1,1,Placebo,CFB,36,-3.06,8.1,-0.3777777777777778
Fabre 1992,2,43,SSRIs,CFB,38,-9.13,8.13702648391905,-1.1220314961544409
Fabre 1992,3,48,TCAs,CFB,37,-7.62,8.09007416529663,-0.9418949498246789
Fabre 1995a,1,1,Placebo,CFB,86,-7.6,7.5,-1.0133333333333332
Fabre 1995a,2,44,SSRIs,CFB,90,-10.6,8.6,-1.2325581395348837
Fabre 1995a,3,44,SSRIs,CFB,89,-9.8,8.9,-1.101123595505618
Fabre 1995a,4,44,SSRIs,CFB,82,-9.2,8.2,-1.1219512195121952
Fagiolini 2020,1,7,Trazodone,CFB,165,-12.9,6.82,-1.8914956011730204
Fagiolini 2020,2,52,SNRIs,CFB,152,-14.7,6.56,-2.2408536585365852
Farabaugh 2015,1,11,Cognitive and cognitive behavioural therapies individual,BF,15,-8.799999999999999,5.608538133952554,-1.5690363138884995
Farabaugh 2015,2,41,SSRIs,BF,11,-5.449999999999999,8.026013954635264,-0.6790419292571078
Fava 1998a,1,1,Placebo,CFB,19,-11.6,8.9,-1.3033707865168538
Fava 1998a,2,42,SSRIs,CFB,54,-10.8,9.5,-1.1368421052631579
Fava 1998a,3,43,SSRIs,CFB,55,-11.1,9.4,-1.180851063829787
Fava 2002a,1,42,SSRIs,CFB,88,-11.48,7.62,-1.5065616797900263
Fava 2002a,2,43,SSRIs,CFB,93,-12.32,7.63,-1.614678899082569
Fava 2002a,3,44,SSRIs,CFB,96,-12.93,8.19,-1.578754578754579
Fava 2005,1,1,Placebo,BF,43,-7.299999999999999,5.550675634551167,-1.3151552136391922
Fava 2005,2,42,SSRIs,BF,47,-6.300000000000001,6.345864795282043,-0.9927724909430562
Fawcett 1989,1,42,SSRIs,BF,19,-10.8,5.634713834792322,-1.916690060338806
Fawcett 1989,2,45,TCAs,BF,19,-8.9,6.894200461257274,-1.2909401242413157
Feighner 1982,1,1,Placebo,BIN,45,-7.611179915051261,3.96,-1.9220151300634498
Feighner 1982,2,48,TCAs,BIN,48,-11.007446149065418,4.43,-2.484750823716799
Feighner 1982,3,49,TCAs,BIN,46,-11.895684252431842,4,-2.9739210631079604
Finkel 1999,1,42,SSRIs,BIN,33,-11.354669310728427,5,-2.2709338621456854
Finkel 1999,2,44,SSRIs,BIN,42,-12.36275523905542,4.4,-2.8097170997853227
Fonagy 2019,1,10,Cognitive and cognitive behavioural therapies individual,BF,20,-5.92,6.6314478057208595,-0.8927160664512652
Fonagy 2019,2,24,Self-help with support,BF,54,-4.080000000000002,8.842188643090578,-0.461424220256619
Fonagy 2019,3,28,Short-term psychodynamic psychotherapies individual,BF,73,-8.149999999999999,6.942830834753213,-1.1738727608346942
Forest Laboratories 2000,1,1,Placebo,CFB,125,-11.2,10.35,-1.0821256038647342
Forest Laboratories 2000,2,40,SSRIs,CFB,119,-13,9.79,-1.327885597548519
Forest Laboratories 2000,3,41,SSRIs,CFB,124,-12.9,10.03,-1.2861415752741776
Forest Laboratories 2010,1,1,Placebo,CFB,215,-8.5,8.8,-0.9659090909090908
Forest Laboratories 2010,2,41,SSRIs,CFB,319,-11.5,8.93,-1.2877939529675253
Forest Laboratories 2010,3,41,SSRIs,CFB,318,-11.6,10.7,-1.0841121495327104
Forest Research Institute 2003,1,1,Placebo,CFB,151,-10,10.57,-0.9460737937559129
Forest Research Institute 2003,2,41,SSRIs,CFB,143,-13.3,10.62,-1.2523540489642186
Forest Research Institute 2004a,1,41,SSRIs,CFB,96,-19.4,9.01,-2.153163152053274
Forest Research Institute 2004a,2,42,SSRIs,CFB,98,-19,10.39,-1.8286814244465832
Forest Research Institute 2005,1,1,Placebo,CFB,132,-12.4,10.34,-1.1992263056092844
Forest Research Institute 2005,2,41,SSRIs,CFB,131,-15.8,10.3,-1.5339805825242718
Forest Research Institute 2005,3,44,SSRIs,CFB,135,-16.7,10.46,-1.5965583173996174
Forlenza 2001,1,44,SSRIs,CFB,27,-15.85,11.89,-1.3330529857022708
Forlenza 2001,2,48,TCAs,CFB,28,-15.03,10.46,-1.4369024856596557
Freed 1999,1,43,SSRIs,BF,149,-17.7,9.050928129203104,-1.9556005469638404
Freed 1999,2,45,TCAs,BF,157,-15.080000000000002,9.43473900009958,-1.5983484015658345
Fu 2003,1,42,SSRIs,BF,30,-20.9,6.199193495931548,-3.371406298854263
Fu 2003,2,59,Acupuncture,BF,32,-23.9,6.392964883369843,-3.7384844803655315
Fudge 1990,1,7,Trazodone,BF,15,-17.1,4.439594576084623,-3.85170305687707
Fudge 1990,2,42,SSRIs,BF,17,-14.8,7.977468270071652,-1.855225179086431
GSK_29060/103,1,43,SSRIs,CFB,45,-17.8,10.73,-1.6589002795899348
GSK_29060/103,2,49,TCAs,CFB,36,-17.1,9.6,-1.7812500000000002
Gagiano 1993,1,42,SSRIs,BIN,45,-13.516735515679,5,-2.7033471031358003
Gagiano 1993,2,43,SSRIs,BIN,45,-14.524418306688649,4.7,-3.0903017673805633
Gater 2010,1,32,Peer support group,BF,39,-5,4.58257569495584,-1.091089451179962
Gater 2010,2,53,Any AD,BF,42,-1,6.950539547402058,-0.14387372277793536
Gater 2010,3,85,Peer support group + AD,BF,42,-5.699999999999999,5.502726596879041,-1.0358501189633598
Gentil 2000,1,45,TCAs,BIN,59,-14.365887335044206,3.2,-4.4893397922013145
Gentil 2000,2,52,SNRIs,BIN,57,-14.015070642716278,3,-4.671690214238759
Georgotas 1982,1,1,Placebo,BF,18,-11.200000000000005,8.826618831693139,-1.2688890518059903
Georgotas 1982,2,45,TCAs,BF,15,-20,7.253805897596103,-2.757173307687756
Gerber 2020,1,60,Exercise individual,BF,14,-10.5,11.4564392373896,-0.9165151389911681
Gerber 2020,2,61,Exercise individual,BF,11,-10.9,8.214621111165139,-1.326902343089805
Godlewska 2012,1,1,Placebo,BF,21,-3.3000000000000007,4.403407771260799,-0.7494195794306675
Godlewska 2012,2,41,SSRIs,BF,21,-4.399999999999999,6.990708118638626,-0.6294069106202158
Golden 2002_448,1,1,Placebo,CFB,101,-9.9,8.04,-1.2313432835820897
Golden 2002_448,2,43,SSRIs,CFB,102,-12.7,8.08,-1.5717821782178216
Golden 2002_448,3,43,SSRIs,CFB,104,-11.1,8.26,-1.3438256658595642
Golden 2002_449,1,1,Placebo,CFB,110,-10.2,8.18,-1.2469437652811735
Golden 2002_449,2,43,SSRIs,CFB,108,-13.3,8.21,-1.619975639464068
Golden 2002_449,3,43,SSRIs,CFB,110,-12.1,8.18,-1.4792176039119804
Goldstein 2002,1,1,Placebo,BF,70,-45.01,6.386706041854399,-7.047451331724547
Goldstein 2002,2,42,SSRIs,BF,33,-43.55,5.9662081992515805,-7.299443557042317
Goldstein 2002,3,51,SNRIs,BF,70,-46.53,5.796133226681948,-8.027765784575752
Goldstein 2004,1,1,Placebo,BIN,89,-6.14720239134599,5.08,-1.21007921089488
Goldstein 2004,2,43,SSRIs,BIN,87,-7.630987473996317,5.19,-1.4703251394983268
Goldstein 2004,3,51,SNRIs,BIN,91,-8.994182731150115,4.66,-1.9300821311480933
Gual 2003,1,1,Placebo,BIN,39,-8.852950143030453,8,-1.1066187678788066
Gual 2003,2,44,SSRIs,BIN,44,-10.164945081501168,6.9,-1.473180446594372
Guelfi 1995,1,1,Placebo,CFB,47,-4.8,11,-0.43636363636363634
Guelfi 1995,2,52,SNRIs,CFB,46,-14.2,9.6,-1.4791666666666667
Guelfi 2001,1,6,Mirtazapine,BF,78,-89.30000000000001,6.575853903457053,-13.57998539977497
Guelfi 2001,2,52,SNRIs,BF,79,-85.7,6.835320779985285,-12.537816842618541
Hamamci 2006,1,3,No treatment,BF,11,-6.690000000000001,8.961004407989096,-0.7465680960982005
Hamamci 2006,2,14,Cognitive and cognitive behavioural therapies group,BF,10,-16.8,7.7338024283013604,-2.172282025012879
Hamdan-Mansour 2009,1,3,No treatment,BF,36,-3.1000000000000014,8.815327560561775,-0.35166021667406394
Hamdan-Mansour 2009,2,19,Psychoeducation group,BF,44,-13.3,7.769813382572326,-1.7117528240551918
Hao 2014,1,43,SSRIs,CFB,132,-12,7.1,-1.6901408450704227
Hao 2014,2,51,SNRIs,CFB,127,-13.8,6.6,-2.0909090909090913
Hashemi 2012,1,42,SSRIs,CFB,48,-16.96,4.96,-3.4193548387096775
Hashemi 2012,2,50,TCAs,CFB,49,-13.14,4.68,-2.807692307692308
Hatcher 2018,1,3,No treatment,CFB,22,-7.1,7.5,-0.9466666666666667
Hatcher 2018,2,25,Self-help with support,CFB,22,-9.4,6.7,-1.4029850746268657
Heller 2009,1,42,SSRIs,BF,14,-14.03,4.268172911211541,-3.2871208106743546
Heller 2009,2,52,SNRIs,BF,15,-15.07,3.1800471694614845,-4.738923417463642
Hemat-Far 2012,1,3,No treatment,BF,10,-1,4.803123983409132,-0.20819783196398484
Hemat-Far 2012,2,60,Exercise individual,BF,10,-8.399999999999999,6.255397669213365,-1.3428402867720997
Hermens 2007,1,3,No treatment,BF,96,-56.9,10.513314520148212,-5.412184700738683
Hermens 2007,2,43,SSRIs,BF,85,-57.599999999999994,10.278161045120235,-5.60411534195086
Hersen 1984,1,36,Interpersonal psychotherapy (IPT) individual + placebo,BF,22,-12.59,6.72995542332934,-1.8707404742023788
Hersen 1984,2,45,TCAs,BF,14,-17.29,7.384517587493446,-2.3413851744740457
Hewett 2009,1,1,Placebo,BIN,197,-14.744105728311698,4.77,-3.0910074902120965
Hewett 2009,2,52,SNRIs,BIN,187,-16.68812021374118,4.65,-3.5888430567185328
Hewett 2010,1,1,Placebo,CFB,186,-13.2,10.64,-1.2406015037593983
Hewett 2010,2,52,SNRIs,CFB,193,-17,10.56,-1.6098484848484849
Hieronymus 2016_PZ/109,1,1,Placebo,BF,103,-7.9,6.954135460285484,-1.1360146843725254
Hieronymus 2016_PZ/109,2,44,SSRIs,BF,104,-8.7,6.7734776887504395,-1.2844214449025464
Hieronymus 2016_PZ/111,1,42,SSRIs,BF,108,-10.999999999999998,6.161168720299744,-1.7853755511932876
Hieronymus 2016_PZ/111,2,44,SSRIs,BF,106,-11.3,6.173329733620261,-1.8304546310655718
Higuchi 2009,1,1,Placebo,CFB,145,-8.3,5.8,-1.4310344827586208
Higuchi 2009,2,43,SSRIs,CFB,148,-9.4,6.9,-1.3623188405797102
Higuchi 2009,3,51,SNRIs,CFB,74,-10,6.4,-1.5625
Higuchi 2011,1,1,Placebo,CFB,171,-10.4,8.11,-1.282367447595561
Higuchi 2011,2,43,SSRIs,CFB,158,-12.8,7.67,-1.66883963494133
Higuchi 2011,3,43,SSRIs,CFB,83,-12.5,7.11,-1.7580872011251758
Higuchi 2016,1,1,Placebo,CFB,182,-12.41,10.12,-1.2262845849802373
Higuchi 2016,2,52,SNRIs,CFB,172,-15.3,10.1,-1.5148514851485149
Higuchi 2016,3,52,SNRIs,CFB,176,-15.05,10.08,-1.4930555555555556
Hojatifar 2017,1,3,No treatment,BF,15,-3,4.5379841339519915,-0.661086489385187
Hojatifar 2017,2,31,Mindfulness or meditation group,BF,15,-36.8,10.643927846429628,-3.4573702989112327
Hollon 1992,1,10,Cognitive and cognitive behavioural therapies individual,BF,25,-10.8,8.688498144098322,-1.2430226514274991
Hollon 1992,2,48,TCAs,BF,57,-9.6,8.660254037844387,-1.1085125168440813
Hollon 1992,3,71,Cognitive and cognitive behavioural therapies individual + AD,BF,25,-13.2,8.662563131083086,-1.5237984185807134
Hong 2003,1,6,Mirtazapine,BIN,66,-11.937761277913982,5.1,-2.3407375054733297
Hong 2003,2,42,SSRIs,BIN,66,-11.556236469528573,5.2,-2.222353167217033
Hopko 2003,1,68,Behavioural therapies individual + AD,BF,10,-16,11.37673063757774,-1.4063794344529383
Hopko 2003,2,79,Counselling individual + AD,BF,15,-6.900000000000002,15.516442891333051,-0.44468954955224327
Hoyberg 1996,1,6,Mirtazapine,BF,56,-15.3,10.135580891098446,-1.5095336088173492
Hoyberg 1996,2,45,TCAs,BF,59,-17.3,8.28673639015988,-2.0876735044381234
Hsu 2011,1,40,SSRIs,BF,21,-25.8,8.674675786448736,-2.9741745553538523
Hsu 2011,2,44,SSRIs,BF,21,-21.500000000000004,9.814784765851975,-2.1905727443768033
Hunter 2011,1,1,Placebo,BF,11,-8.64,7.141897506965498,-1.2097625304162376
Hunter 2011,2,42,SSRIs,BF,12,-9.670000000000002,7.145984886633892,-1.353207451933899
Husain 2014,1,14,Cognitive and cognitive behavioural therapies group,BIN,33,-10.368159706717856,4.1,-2.528819440662892
Husain 2014,2,42,SSRIs,BIN,33,-11.306892422740844,3.7,-3.0559168710110387
Hwang 2004,1,43,SSRIs,BIN,53,-21.405528119660467,5.9,-3.6280556135017736
Hwang 2004,2,52,SNRIs,BIN,52,-18.914039494975498,5.8,-3.261041292237155
Jacobson 1996,1,8,Behavioural therapies individual,BF,56,-20.200000000000003,7.336893075410054,-2.75320899355904
Jacobson 1996,2,10,Cognitive and cognitive behavioural therapies individual,BF,43,-18.5,8.28673639015988,-2.2324832272893222
Jacobson 1996,3,10,Cognitive and cognitive behavioural therapies individual,BF,50,-19.700000000000003,8.448076704197234,-2.331891706216695
Jamison 1995,1,4,Waitlist,BF,39,-0.6000000000000014,4.1581245772583575,-0.1442958210731649
Jamison 1995,2,20,Self-help,BF,33,-10.6,5.0408332644514235,-2.1028269422741084
Janakiramaiah 2000,1,48,TCAs,BF,15,-16.4,7.061869440877536,-2.3223312378261793
Janakiramaiah 2000,2,65,Yoga group,BF,15,-16.8,7.765951326141569,-2.1632893762092253
Jefferson 2000,1,1,Placebo,CFB,101,-12.1,11.05,-1.095022624434389
Jefferson 2000,2,40,SSRIs,CFB,104,-15,10.2,-1.4705882352941178
Jefferson 2000,3,40,SSRIs,CFB,95,-15.3,10.72,-1.4272388059701493
Jefferson 2000,4,43,SSRIs,CFB,97,-13.8,10.83,-1.2742382271468145
Jeong 2015,1,41,SSRIs,BF,52,-19.5,6.44437739428721,-3.025893551374923
Jeong 2015,2,41,SSRIs,BF,49,-17.2,7.767238891652554,-2.21442912210217
Jiahui 2006,1,42,SSRIs,BF,30,-17.119999999999997,10.042673946713592,-1.704725264490183
Jiahui 2006,2,59,Acupuncture,BF,30,-17.66,9.81803951917082,-1.7987297734457959
Jordan 2014,1,11,Cognitive and cognitive behavioural therapies individual,BIN,25,-12.473021648423204,7.2,-1.732364117836556
Jordan 2014,2,13,Cognitive and cognitive behavioural therapies individual,BIN,23,-15.239795644330377,7.7,-1.9791942395234254
Judd 2001,1,52,SNRIs,BF,19,-19.700000000000003,11.35825690852254,-1.734421061141726
Judd 2001,2,77,Interpersonal psychotherapy (IPT) individual + AD,BF,12,-23.8,9.880789442144794,-2.408714418959808
Kampman 1978,1,45,TCAs,BF,25,-13.3,5.894913061275798,-2.256182552948723
Kampman 1978,2,47,TCAs,BF,28,-16.700000000000003,7.276475795328396,-2.2950670722661717
Kang 2009,1,6,Mirtazapine,CFB,73,-12,10.9,-1.1009174311926606
Kang 2009,2,52,SNRIs,CFB,53,-10.9,6,-1.8166666666666667
Kanter 2015,1,8,Behavioural therapies individual,BF,21,-10.05,7.957832619501368,-1.262906683331287
Kanter 2015,2,33,Any psychotherapy,BF,22,-7.99,8.408156754009761,-0.9502677261802539
Kasper 2005a,1,1,Placebo,BIN,180,-14.007323334662487,4.2,-3.3350769844434494
Kasper 2005a,2,41,SSRIs,BIN,174,-13.60592938343308,3.8,-3.5805077324823897
Kasper 2005a,3,42,SSRIs,BIN,164,-13.008578374547865,3.8,-3.423310098565228
Kasper 2005b,1,7,Trazodone,CFB,55,-14.6,4.89,-2.9856850715746424
Kasper 2005b,2,43,SSRIs,CFB,53,-15,4.95,-3.0303030303030303
Kasper 2012,1,1,Placebo,CFB,71,-13.4,9.27,-1.4455231930960086
Kasper 2012,2,41,SSRIs,CFB,139,-19,10.61,-1.7907634307257305
Katona 2012,1,1,Placebo,CFB,145,-10.3,9.63,-1.0695742471443406
Katona 2012,2,51,SNRIs,CFB,147,-15.8,9.7,-1.6288659793814435
Katz 1990,1,1,Placebo,BF,11,-2.5,5.0921508225896055,-0.49095167977146226
Katz 1990,2,50,TCAs,BF,12,-8.6,5.8642987645583,-1.4665009995696823
Katz 1993_Protocol 01,1,1,Placebo,CFB,104,-8,7.76,-1.0309278350515465
Katz 1993_Protocol 01,2,45,TCAs,CFB,93,-13.7,7.76,-1.7654639175257731
Katz 1993_Protocol 03,1,1,Placebo,CFB,94,-8.7,7.76,-1.1211340206185567
Katz 1993_Protocol 03,2,45,TCAs,CFB,95,-12.9,7.76,-1.6623711340206186
Kay-Lambkin 2009,1,3,No treatment,BF,21,-9.91,10.053273098846962,-0.9857486116771866
Kay-Lambkin 2009,2,11,Cognitive and cognitive behavioural therapies individual,BF,23,-21.869999999999997,10.129318831984705,-2.1590790420124293
Kay-Lambkin 2009,3,21,Self-help,BF,23,-11.48,11.186022528137515,-1.0262807866802528
Kay-Lambkin 2011/2017,1,11,Cognitive and cognitive behavioural therapies individual,BF,88,-11.9,10.474731500138798,-1.136067306340245
Kay-Lambkin 2011/2017,2,17,Counselling individual,BF,89,-8.3,10.371113729971338,-0.8002997764853302
Kay-Lambkin 2011/2017,3,21,Self-help,BF,97,-12.9,11.396051947933548,-1.131970971959211
Keller 2006_Study 062,1,1,Placebo,CFB,154,-14,8.87,-1.5783540022547915
Keller 2006_Study 062,2,43,SSRIs,CFB,161,-17.25,8.05,-2.142857142857143
Kennedy 2005,1,41,SSRIs,CFB,96,-15.7,7.84,-2.002551020408163
Kennedy 2005,2,42,SSRIs,CFB,98,-16.4,8.91,-1.8406285072951738
Kennedy 2007,1,10,Cognitive and cognitive behavioural therapies individual,BF,12,-11.5,6.593936608733815,-1.744026471951216
Kennedy 2007,2,52,SNRIs,BF,12,-14.09,8.057915363169311,-1.7485912131072783
Khan 1991,1,1,Placebo,BF,26,-4,8.228608630868283,-0.48610891335804357
Khan 1991,2,52,SNRIs,BF,23,-9.599999999999998,6.946221994724902,-1.3820462414374932
Khan 1991,3,52,SNRIs,BF,22,-8.5,8.506468127254696,-0.9992396224663475
Khan 1991,4,52,SNRIs,BF,22,-9.1,8.057294831393474,-1.1294113210979764
Khan 1995,1,1,Placebo,CFB,26,-6.3,8.1,-0.7777777777777778
Khan 1995,2,6,Mirtazapine,CFB,26,-12,7.8,-1.5384615384615385
Khan 2007,1,41,SSRIs,CFB,110,-19.2,8.6,-2.2325581395348837
Khan 2007,2,51,SNRIs,CFB,91,-19.3,9.1,-2.120879120879121
Kheirabadi 2020,1,13,Cognitive and cognitive behavioural therapies individual,BF,16,-24.200000000000003,17.38016110397139,-1.3923921565071264
Kheirabadi 2020,2,40,SSRIs,BF,12,-18,11.95317531035164,-1.5058760147533112
Khoshnab 2017,1,3,No treatment,CFB,15,-1.56,3.09838667696593,-0.5034878350069648
Khoshnab 2017,2,44,SSRIs,CFB,15,-1.92,6.19677335393187,-0.3098386676965932
Khoshnab 2017,3,60,Exercise individual,CFB,15,-2.13,6.19677335393187,-0.3437272719759081
Khoshnab 2017,4,88,Exercise individual + AD,CFB,15,-4.53,12.548466041712,-0.3610002995539021
Kim 2011,1,6,Mirtazapine,BIN,30,-12.438014998554603,2.9,-4.28897068915676
Kim 2011,2,43,SSRIs,BIN,30,-12.749109167956826,2.9,-4.3962445406747674
Kinoshita 2009,1,1,Placebo,CFB,70,-10.4,7.5,-1.3866666666666667
Kinoshita 2009,2,6,Mirtazapine,CFB,65,-13.3,6.8,-1.9558823529411766
Kinoshita 2009,3,6,Mirtazapine,CFB,66,-13.8,6.9,-2
Kinoshita 2009,4,6,Mirtazapine,CFB,69,-11.9,7.6,-1.5657894736842106
Komulainen 2018,1,1,Placebo,BF,15,-2.1999999999999993,4.567001204291499,-0.48171653599143205
Komulainen 2018,2,41,SSRIs,BF,17,-1.900000000000002,4.272247651997716,-0.44473077283138207
Kramer 2014,1,4,Waitlist,BF,132,-4.490000000000002,8.682419017762273,-0.5171369857656575
Kramer 2014,2,15,Problem solving individual,BF,131,-10.3,9.793855216409929,-1.0516798311192113
Kranzler 2006_Group A,1,1,Placebo,CFB,100,-9.6,7.8,-1.2307692307692308
Kranzler 2006_Group A,2,44,SSRIs,CFB,89,-10.8,6.5,-1.6615384615384616
Krejtz 2018,1,2,Attention placebo,BF,25,-8.189999999999998,9.971835337589566,-0.8213132009036683
Krejtz 2018,2,22,Self-help,BF,26,-12.97,9.223887466789694,-1.4061316388234422
Krogh 2012,1,60,Exercise individual,BF,56,-7.899999999999999,5.884725991921799,-1.3424584272648628
Krogh 2012,2,61,Exercise individual,BF,59,-8.100000000000001,5.6000000000000005,-1.4464285714285716
Lam 2013,1,41,SSRIs,CFB,51,-14.3,8.3,-1.7228915662650601
Lam 2013,2,73,Cognitive and cognitive behavioural therapies individual + AD,CFB,48,-15.7,8.8,-1.784090909090909
Lam 2016,1,1,Placebo,CFB,30,-6.5,9.6,-0.6770833333333334
Lam 2016,2,42,SSRIs,CFB,31,-8.8,9.9,-0.888888888888889
Lam 2016,3,66,Light therapy,CFB,32,-13.4,7.5,-1.7866666666666666
Lam 2016,4,98,Light therapy + AD,CFB,29,-16.9,9.2,-1.8369565217391304
Lee 2007,1,43,SSRIs,BF,240,-55.92,5.818424825538554,-9.610848584749746
Lee 2007,2,51,SNRIs,BF,238,-56.39,5.863369624884997,-9.617336720624367
Legrand 2016,1,53,Any AD,CFB,10,-6.41,10,-0.641
Legrand 2016,2,87,Exercise individual + AD,CFB,14,-17.22,6.49,-2.653312788906009
Legrand 2016,3,89,Exercise individual + AD,CFB,11,-9.39,9.02,-1.0410199556541022
Leinonen 1999,1,6,Mirtazapine,BF,136,-20.5,6.324778621170934,-3.2412201640355196
Leinonen 1999,2,40,SSRIs,BF,133,-20.200000000000003,6.083134085890865,-3.320656706688678
Levin 2013,1,1,Placebo,BF,52,-11.65,5.796133226681948,-2.009960700414948
Levin 2013,2,52,SNRIs,BF,51,-9.69,5.632946712496982,-1.7202364045983671
Li 2006,1,40,SSRIs,CFB,28,-12.1,7.7,-1.5714285714285714
Li 2006,2,41,SSRIs,CFB,28,-15.1,7.8,-1.935897435897436
Lindegaard 2019,1,4,Waitlist,BF,25,-2.4800000000000004,5.6385193091803805,-0.43983178278066326
Lindegaard 2019,2,25,Self-help with support,BF,25,-11.37,5.135328616554155,-2.2140744729262054
Loo 2002,1,1,Placebo,BF,139,-12.06,7.796787800113582,-1.5467908463308844
Loo 2002,2,43,SSRIs,BF,147,-14.21,7.291015018500509,-1.9489741776615446
Luo 1985,1,45,TCAs,BF,20,-15.2,7.502666192761078,-2.025946458162522
Luo 1985,2,57,Acupuncture,BF,27,-15.7,9.132907532653553,-1.7190582455660084
M/2020/0046 (Study 046),1,1,Placebo,CFB,247,-11.5,8.45,-1.3609467455621302
M/2020/0046 (Study 046),2,43,SSRIs,CFB,243,-12.5,8.45,-1.4792899408284026
M/2020/0046 (Study 047),1,1,Placebo,CFB,239,-10.1,7.27,-1.3892709766162312
M/2020/0046 (Study 047),2,43,SSRIs,CFB,242,-11.8,7.64,-1.5445026178010473
MDF/29060/III/070/88/MC,1,43,SSRIs,CFB,24,-20,8.59,-2.3282887077997674
MDF/29060/III/070/88/MC,2,47,TCAs,CFB,20,-15,8.22,-1.824817518248175
MIR 003-003 (FDA),1,1,Placebo,CFB,45,-8.8,8.1,-1.08641975308642
MIR 003-003 (FDA),2,6,Mirtazapine,CFB,45,-10.4,8.7,-1.1954022988505748
MIR 003-020 (FDA),1,1,Placebo,CFB,39,-4.8,6.4,-0.7499999999999999
MIR 003-020 (FDA),2,6,Mirtazapine,CFB,40,-10.6,8.7,-1.2183908045977012
MIR 003-020 (FDA),3,45,TCAs,CFB,40,-11.5,9.1,-1.2637362637362637
MIR 003-021 (FDA),1,1,Placebo,CFB,48,-9.5,8.9,-1.0674157303370786
MIR 003-021 (FDA),2,6,Mirtazapine,CFB,45,-11.7,7.6,-1.5394736842105263
MIR 003-021 (FDA),3,45,TCAs,CFB,48,-13.6,7.2,-1.8888888888888888
MY-1042/BRL-029060/CPMS-251,1,1,Placebo,CFB,123,-8.25,7.56,-1.0912698412698414
MY-1042/BRL-029060/CPMS-251,2,43,SSRIs,CFB,120,-10.23,7.67,-1.333767926988266
MY-1045/BRL-029060/1 (PAR 128),1,1,Placebo,CFB,136,-9,8.63,-1.0428736964078793
MY-1045/BRL-029060/1 (PAR 128),2,42,SSRIs,CFB,344,-13,8.72,-1.4908256880733943
MY-1045/BRL-029060/1 (PAR 128),3,43,SSRIs,CFB,350,-11.8,8.79,-1.342434584755404
Macias-Cortes 2015,1,1,Placebo,BF,43,-5.699999999999999,3.4394767043839685,-1.6572288431943034
Macias-Cortes 2015,2,42,SSRIs,BF,46,-8.900000000000002,3.371943060017473,-2.6394277250796407
Mahableshwarkar 2013,1,1,Placebo,CFB,149,-10.5,9.28,-1.1314655172413794
Mahableshwarkar 2013,2,51,SNRIs,CFB,149,-13.47,9.15,-1.4721311475409835
Mahableshwarkar 2015a,1,1,Placebo,BIN,161,-14.442386644210568,4.18,-3.4551164220599446
Mahableshwarkar 2015a,2,51,SNRIs,BIN,152,-16.73979185632994,4.39,-3.8131644319658182
Maina 2007,1,80,Counselling individual + AD,BF,17,-10.06,3.466000432775507,-2.9024808839807745
Maina 2007,2,83,Short-term psychodynamic psychotherapies individual + AD,BF,18,-10.840000000000002,3.904698836017958,-2.776142400537788
Mao 2008,1,41,SSRIs,CFB,118,-20.9,8.1,-2.580246913580247
Mao 2008,2,42,SSRIs,CFB,113,-20.3,10.1,-2.00990099009901
Marchesi 1998,1,42,SSRIs,BF,67,-16.6,6.023288138550238,-2.755969765709316
Marchesi 1998,2,45,TCAs,BF,75,-17.200000000000003,6.385138996137829,-2.6937549848803206
Markkula 2019,1,3,No treatment,BF,134,-3.8999999999999986,7.462010452954351,-0.5226473514863431
Markkula 2019,2,17,Counselling individual,BF,124,-14.4,7.846553383492653,-1.8352006666129737
Marshall 2008,1,10,Cognitive and cognitive behavioural therapies individual,BF,37,-11.48,4.328128925990998,-2.6524163665876612
Marshall 2008,2,18,Interpersonal psychotherapy (IPT) individual,BF,35,-10.17,5.655758127784462,-1.7981674198616957
Marshall 2008,3,53,Any AD,BF,30,-13.830000000000002,4.6982124260190705,-2.9436727729483607
Mathews 2015,1,1,Placebo,CFB,281,-13.6,10.06,-1.3518886679920477
Mathews 2015,2,40,SSRIs,CFB,280,-15.9,10.04,-1.5836653386454185
Matreja 2007,1,40,SSRIs,BF,50,-19.2,5.857362887853202,-3.2779256412158277
Matreja 2007,2,44,SSRIs,BF,50,-15.1,5.507050027010832,-2.741939863618075
McCallum 1975,1,1,Placebo,BF,12,-5.5,6.965629906907199,-0.7895911889527947
McCallum 1975,2,45,TCAs,BF,12,-12.599999999999998,7.108445681019164,-1.7725393940400047
McKnight 1992,1,11,Cognitive and cognitive behavioural therapies individual,BF,22,-17.96,8.775710797422622,-2.0465578703066143
McKnight 1992,2,46,TCAs,BF,21,-16.64,6.157540093251526,-2.702377856741352
McNamara 1986,1,9,Behavioural therapies individual,BF,10,-20.4,3.8226692245079223,-5.3365851979060555
McNamara 1986,2,11,Cognitive and cognitive behavioural therapies individual,BF,10,-18.3,4.828426244647422,-3.790054786543869
McNamara 1986,3,11,Cognitive and cognitive behavioural therapies individual,BF,10,-17.31,3.965715572251747,-4.364912128625331
Mehtonen 2000,1,44,SSRIs,BIN,72,-13.687319730745797,4.5,-3.0416266068323994
Mehtonen 2000,2,52,SNRIs,BIN,75,-14.13017436235288,3.5,-4.037192674957966
Mendels 1993,1,1,Placebo,CFB,75,-10.53,8.98,-1.1726057906458796
Mendels 1993,2,52,SNRIs,CFB,77,-14.8,9.64,-1.5352697095435683
Mendels 1999,1,1,Placebo,BF,91,-55.150000000000006,5.528284931931139,-9.975969162055296
Mendels 1999,2,40,SSRIs,BF,89,-57.23,5.3779682848257595,-10.641565172758208
Miller 1989a,1,1,Placebo,CFB,22,-6.2,7.2,-0.8611111111111112
Miller 1989a,2,43,SSRIs,CFB,19,-6,5.9,-1.0169491525423728
Miranda 2003/2006,1,5,TAU,BF,89,-4.1,4.534412861661364,-0.9041964472767043
Miranda 2003/2006,2,14,Cognitive and cognitive behavioural therapies group,BF,90,-4.9,4.536794022214366,-1.080057850545385
Miranda 2003/2006,3,53,Any AD,BF,88,-8.1,4.452089397125803,-1.819370474732432
Miura 2000,1,43,SSRIs,CFB,102,-9.2,11.5,-0.7999999999999999
Miura 2000,2,45,TCAs,CFB,114,-10.6,11.1,-0.954954954954955
Moak 2003,1,35,Cognitive and cognitive behavioural therapies individual + placebo,BF,44,-10,5.5072679252057455,-1.8157823690094779
Moak 2003,2,74,Cognitive and cognitive behavioural therapies individual + AD,BF,38,-11.599999999999998,6.128621378417825,-1.8927584661780286
Mohr 2011,1,3,No treatment,BF,44,-2.2300000000000004,4.997119170081898,-0.44625711817143887
Mohr 2011,2,10,Cognitive and cognitive behavioural therapies individual,BF,41,-5.399999999999999,4.921595269828677,-1.0972052157771144
Moises 1981,1,7,Trazodone,BF,16,-9,8.4338603260903,-1.0671269919135769
Moises 1981,2,45,TCAs,BF,20,-14.2,5.866003750424986,-2.4207280806752336
Moller 1993,1,43,SSRIs,BF,81,-18.7,7.53193202306022,-2.4827627151635125
Moller 1993,2,45,TCAs,BF,74,-20.4,6.350590523722971,-3.2122996946181157
Moller 1998,1,44,SSRIs,CFB,62,-13.6,9.3,-1.4623655913978493
Moller 1998,2,45,TCAs,CFB,59,-16.5,9.4,-1.7553191489361701
Moller 2000,1,44,SSRIs,CFB,100,-13.8,7.2,-1.9166666666666667
Moller 2000,2,45,TCAs,CFB,105,-15.3,7.1,-2.154929577464789
Montgomery 1992,1,1,Placebo,CFB,64,-10.56,7.76,-1.3608247422680413
Montgomery 1992,2,40,SSRIs,CFB,68,-11.51,7.76,-1.4832474226804124
Montgomery 1992,3,40,SSRIs,CFB,61,-13.31,9.82,-1.3553971486761711
Montgomery 2004,1,41,SSRIs,BF,146,-75.56,6.386706041854399,-11.83082476394372
Montgomery 2004,2,52,SNRIs,BF,142,-76.93,6.639971794448689,-11.58589258832649
Moore 2005,1,40,SSRIs,BF,142,-91.7,6.024330470286226,-15.221608517708555
Moore 2005,2,41,SSRIs,BF,138,-95,6.263439989485686,-15.167384082784322
Moradveisi 2013,1,8,Behavioural therapies individual,BF,50,-59.55,6.5503525790564865,-9.0911136891165
Moradveisi 2013,2,44,SSRIs,BF,50,-57.46000000000001,6.6528569087094755,-8.636891006144626
Mowla 2016,1,44,SSRIs,BF,28,-9.97,3.5679125549822546,-2.7943509955359844
Mowla 2016,2,51,SNRIs,BF,26,-9.3,3.477067730142742,-2.674667484725186
Mullin 1996,1,6,Mirtazapine,CFB,71,-12.3,7.7,-1.5974025974025974
Mullin 1996,2,45,TCAs,CFB,71,-13,7.3,-1.7808219178082192
Mulsant 1999,1,43,SSRIs,BF,29,-11.3,4.222558466143482,-2.6761026734392237
Mulsant 1999,2,50,TCAs,BF,27,-13.599999999999998,3.536947836765479,-3.845123147882534
Mundt 2012,1,1,Placebo,CFB,50,-10.7,6.6,-1.621212121212121
Mundt 2012,2,44,SSRIs,CFB,55,-13.4,5.7,-2.3508771929824563
Munizza 2006,1,7,Trazodone,CFB,62,-12.9,9.06,-1.423841059602649
Munizza 2006,2,44,SSRIs,CFB,59,-11.5,8.3,-1.3855421686746987
Murphy 1984,1,10,Cognitive and cognitive behavioural therapies individual,BF,19,-12.05,5.3401123583685015,-2.256506828197429
Murphy 1984,2,34,Cognitive and cognitive behavioural therapies individual + placebo,BF,17,-15.590000000000002,5.020239038133543,-3.1054298175005135
Murphy 1984,3,50,TCAs,BF,16,-12.69,4.387949407183269,-2.892011466500936
Murphy 1984,4,72,Cognitive and cognitive behavioural therapies individual + AD,BF,18,-13.34,5.63521073252811,-2.367258410230794
Murri 2015,1,44,SSRIs,BF,42,-8.7,5.1293274412928644,-1.6961288004275146
Murri 2015,2,90,Exercise group + AD,BF,42,-12.7,3.671511950137164,-3.4590654129630547
Murri 2015,3,91,Exercise group + AD,BF,37,-11.6,4.011234224026317,-2.891877998676523
Mynors-Wallis 1995,1,1,Placebo,BF,26,-6.599999999999998,6.322183167229498,-1.04394317997785
Mynors-Wallis 1995,2,15,Problem solving individual,BF,29,-12.3,6.005830500438719,-2.0480098462821252
Mynors-Wallis 1995,3,45,TCAs,BF,27,-11.000000000000002,6.274551776820396,-1.7531132726701648
NCT01020799,1,1,Placebo,CFB,94,-11.45,10.18,-1.12475442043222
NCT01020799,2,41,SSRIs,CFB,49,-11.7,10.99,-1.0646041856232937
NKD20006 (NCT00048204),1,1,Placebo,CFB,118,-10.9,7.8,-1.3974358974358976
NKD20006 (NCT00048204),2,43,SSRIs,CFB,117,-11.1,7.9,-1.4050632911392404
Naeem 2014,1,4,Waitlist,BF,89,-2.9000000000000004,3.4597687784012385,-0.8382063038733162
Naeem 2014,2,20,Self-help,BF,94,-6.8,3.504283093587046,-1.9404824948201886
Naeem 2015,1,3,No treatment,BF,68,-7.5,3.758989225842501,-1.9952172111690551
Naeem 2015,2,11,Cognitive and cognitive behavioural therapies individual,BF,69,-10.9,3.616628264005025,-3.013856886670854
Navarro 2001,1,40,SSRIs,BF,29,-71.83,5.863369624884997,-12.250634804796032
Navarro 2001,2,50,TCAs,BF,29,-73.53,5.840837420778737,-12.588948245403571
Nemeroff 2007,1,1,Placebo,BIN,102,-10.691268245194768,3.3,-3.239778256119627
Nemeroff 2007,2,42,SSRIs,BIN,104,-11.307523684578353,3.2,-3.533601151430735
Nemeroff 2007,3,52,SNRIs,BIN,102,-11.75,3.2,-3.671875
Nezu 1989,1,4,Waitlist,BF,11,-2.539999999999999,6.732852293047873,-0.3772546744598454
Nezu 1989,2,16,Problem solving group,BF,14,-19.43,3.138040790047191,-6.191761452440459
Nezu 1989,3,16,Problem solving group,BF,14,-14.71,5.800801668735106,-2.5358563936573253
Nierenberg 2007,1,1,Placebo,CFB,137,-5.97,6.79,-0.8792341678939617
Nierenberg 2007,2,41,SSRIs,CFB,274,-7.22,6.62,-1.0906344410876132
Nierenberg 2007,3,51,SNRIs,CFB,273,-7.61,6.94,-1.0965417867435159
Noguera 1991,1,42,SSRIs,BF,60,-18.09,4.743616763609809,-3.8135458451820266
Noguera 1991,2,47,TCAs,BF,60,-17.94,5.043599904829882,-3.556983174422736
Nyth 1992,1,1,Placebo,BF,45,-6.699999999999999,8.450443775329198,-0.7928577691458567
Nyth 1992,2,40,SSRIs,BF,88,-13.1,10,-1.31
Olie 1997,1,1,Placebo,BF,129,-66.6,6.704598545464366,-9.933480662321628
Olie 1997,2,44,SSRIs,BF,129,-70.1,6.1425994783919995,-11.412106592102058
Ontiveros 1997,1,42,SSRIs,CFB,52,-15.7,9.5,-1.6526315789473685
Ontiveros 1997,2,43,SSRIs,CFB,58,-16.4,8.4,-1.952380952380952
Ou 2011,1,40,SSRIs,CFB,117,-13.8,7.5,-1.84
Ou 2011,2,41,SSRIs,CFB,115,-14.7,8.2,-1.7926829268292683
Owens 2008,1,43,SSRIs,CFB,40,-16.7,8.59,-1.9441210710128056
Owens 2008,2,52,SNRIs,CFB,41,-17.3,8.99,-1.9243604004449388
Ozdemir 2015,1,52,SNRIs,BF,25,-21.880000000000003,6.2150543038657355,-3.5204841229449504
Ozdemir 2015,2,99,Light therapy + AD,BF,25,-24.16,5.344221178057659,-4.520770977667672
PAR 01 001 (GSK & FDA),1,1,Placebo,CFB,21,-11.33,7.93,-1.42875157629256
PAR 01 001 (GSK & FDA),2,43,SSRIs,CFB,22,-13.36,7.93,-1.6847414880201765
Paslakis 2010,1,6,Mirtazapine,BF,37,-13.1,4.422668877499197,-2.962012387282181
Paslakis 2010,2,52,SNRIs,BF,33,-13.9,6.471475874945375,-2.1478871695735604
Perahia 2006,1,1,Placebo,BF,99,-51.3,5.632946712496982,-9.107133906697237
Perahia 2006,2,43,SSRIs,BF,97,-52.1,5.477264383793169,-9.512047684636176
Perahia 2006,3,51,SNRIs,BF,93,-53.7,5.2825033865051685,-10.165634751353597
Perahia 2006,4,51,SNRIs,BF,103,-54.4,6.024330470286226,-9.030049109742043
Perahia 2008a_study 1,1,51,SNRIs,CFB,159,-11.32,6.56,-1.7256097560975612
Perahia 2008a_study 1,2,52,SNRIs,CFB,164,-12.03,6.53,-1.8422664624808573
Perahia 2008a_study 2,1,51,SNRIs,CFB,159,-10.76,7.06,-1.5240793201133145
Perahia 2008a_study 2,2,52,SNRIs,CFB,166,-10.73,7.09,-1.5133991537376588
Perahia 2008a_study 2,3,52,SNRIs,CFB,166,-11.02,6.96,-1.5833333333333333
Perahia 2008b,1,51,SNRIs,CFB,481,-12.42,8.77,-1.4161915621436716
Perahia 2008b,2,51,SNRIs,CFB,477,-12.59,8.74,-1.4405034324942791
Philipp 1999,1,1,Placebo,CFB,46,-12.1,7.4,-1.635135135135135
Philipp 1999,2,48,TCAs,CFB,105,-14.2,7.3,-1.9452054794520548
Preskorn 1991,1,42,SSRIs,CFB,29,-10.1,7.8,-1.294871794871795
Preskorn 1991,2,45,TCAs,CFB,31,-7.9,6.1,-1.2950819672131149
Qu 2013,1,43,SSRIs,CFB,43,-11.3,4.6,-2.456521739130435
Qu 2013,2,95,Acupuncture + AD,CFB,49,-15.7,5.1,-3.0784313725490198
Qu 2013,3,97,Acupuncture + AD,CFB,51,-14.1,6.8,-2.073529411764706
Quah-Smith 2005,1,54,Sham acupuncture,CFB,12,-6.8,7.71,-0.8819714656290532
Quah-Smith 2005,2,58,Acupuncture,CFB,14,-16.1,4.07,-3.9557739557739557
Quah-Smith 2013,1,54,Sham acupuncture,BF,22,-6.91,4.327112200995025,-1.5969079790468659
Quah-Smith 2013,2,58,Acupuncture,BF,25,-11.74,5.67733211993098,-2.067872682449785
Quilty 2014,1,10,Cognitive and cognitive behavioural therapies individual,BF,54,-8.77,5.757681825179296,-1.5231824658402167
Quilty 2014,2,53,Any AD,BF,50,-8.230000000000002,5.741855100923394,-1.4333346723912397
Rapaport 2009,1,1,Placebo,CFB,178,-8.85,8,-1.10625
Rapaport 2009,2,43,SSRIs,CFB,173,-12.11,8.02,-1.5099750623441397
Raskin 2007,1,1,Placebo,BF,104,-41.52,6.083134085890865,-6.825429032758114
Raskin 2007,2,51,SNRIs,BF,207,-44.09,6.263439989485686,-7.039262781157483
Ratti 2011_study 096,1,1,Placebo,BIN,123,-12.64562814441003,5.9,-2.143326804137293
Ratti 2011_study 096,2,43,SSRIs,BIN,113,-12.443256646465764,5.5,-2.262410299357412
Reimherr 1990,1,1,Placebo,CFB,141,-8.16,7.85,-1.0394904458598726
Reimherr 1990,2,44,SSRIs,CFB,142,-11.66,8.24,-1.4150485436893203
Reimherr 1990,3,45,TCAs,CFB,144,-12.64,7.97,-1.5859473023839399
Richou 1995,1,6,Mirtazapine,BIN,87,-14.923795553010647,5.7,-2.618209746142219
Richou 1995,2,47,TCAs,BIN,87,-14.52611125160795,5.4,-2.6900206021496205
Rickels 1992,1,1,Placebo,BIN,56,-7.922306549028652,5.46,-1.450971895426493
Rickels 1992,2,43,SSRIs,BIN,55,-11.953388041094584,5.71,-2.09341296691674
Rickels 1994,1,1,Placebo,BIN,95,-10.529390148691396,2.14,-4.92027577041654
Rickels 1994,2,48,TCAs,BIN,92,-11.304224785635755,2.01,-5.623992430664555
Rickhi 2011,1,4,Waitlist,BF,45,-2.3000000000000007,4.876709956517817,-0.47162944290463826
Rickhi 2011,2,23,Self-help,BF,39,-8.499999999999998,4.521183473383933,-1.880038722170696
Robinson 2014,1,1,Placebo,CFB,95,-7.15,7.51,-0.9520639147802931
Robinson 2014,2,51,SNRIs,CFB,201,-7.42,7.37,-1.0067842605156039
Rohini 2000,1,65,Yoga group,BF,15,-21.699999999999996,6.226556030423239,-3.4850726298732075
Rohini 2000,2,65,Yoga group,BF,15,-15.500000000000002,7.750483855863451,-1.9998751417659983
Roose 2004,1,1,Placebo,BIN,90,-10.885842719387847,3.9,-2.791241722919961
Roose 2004,2,40,SSRIs,BIN,84,-10.89718407335831,4.3,-2.5342288542693745
Ropert 1989,1,42,SSRIs,BF,54,-18.200000000000003,6.7201190465645775,-2.708285355347106
Ropert 1989,2,47,TCAs,BF,46,-16.599999999999998,7,-2.371428571428571
Roy 2018,1,3,No treatment,BF,20,-2.700000000000001,3.747372412771381,-0.7205048504915496
Roy 2018,2,64,Exercise group,BF,20,-4.300000000000001,4.88076838213001,-0.8810088214273022
Rush 1977/Kovacs 1981,1,10,Cognitive and cognitive behavioural therapies individual,BF,19,-22.950000000000003,7.252833928886004,-3.1642803661333794
Rush 1977/Kovacs 1981,2,48,TCAs,BF,22,-12.64,10.799597214711298,-1.1704140208841947
SER 315 (FDA),1,1,Placebo,CFB,73,-7.8,8,-0.975
SER 315 (FDA),2,44,SSRIs,CFB,76,-8.9,4.52,-1.9690265486725667
SER 315 (FDA),3,45,TCAs,CFB,70,-11.6,11.49,-1.0095735422106178
Sahranavard 2018,1,4,Waitlist,BF,10,-4.400000000000002,3.66382313983631,-1.200931331034877
Sahranavard 2018,2,12,Cognitive and cognitive behavioural therapies individual,BF,10,-17.7,2.4529370150902774,-7.215839579700162
Sahranavard 2018,3,14,Cognitive and cognitive behavioural therapies group,BF,10,-16.299999999999997,2.6261568879257764,-6.206788358662862
Salminen 2008,1,29,Short-term psychodynamic psychotherapies individual,CFB,26,-11,6.44,-1.7080745341614907
Salminen 2008,2,42,SSRIs,CFB,25,-11.2,4.6,-2.4347826086956523
Saloheimo 2016,1,53,Any AD,CFB,34,-11.1,6.4,-1.7343749999999998
Saloheimo 2016,2,78,Interpersonal psychotherapy (IPT) individual + AD,CFB,38,-9.1,6.4,-1.4218749999999998
Saloheimo 2016,3,84,Psychoeducation group + AD,CFB,27,-8.3,6.3,-1.3174603174603177
Samuelian 1998,1,47,TCAs,BF,46,-16.3,11.17685555064572,-1.4583708204995367
Samuelian 1998,2,52,SNRIs,BF,52,-15.2,11.143271512441936,-1.3640518390877
Sauer 2003,1,45,TCAs,CFB,75,-10.37,6.49,-1.5978428351309706
Sauer 2003,2,52,SNRIs,CFB,76,-10.5,5.8,-1.8103448275862069
Schatzberg 2002,1,6,Mirtazapine,BIN,128,-12.28759062288586,3.5,-3.5107401779673886
Schatzberg 2002,2,43,SSRIs,BIN,126,-11.618768395639448,3.5,-3.3196481130398423
Schmidt 1983,1,4,Waitlist,BF,10,-4.300000000000001,8.248636250920512,-0.5212982933415374
Schmidt 1983,2,14,Cognitive and cognitive behavioural therapies group,BF,11,-14.9,8.107404023483719,-1.8378262581759839
Schmidt 1983,3,14,Cognitive and cognitive behavioural therapies group,BF,11,-9.5,6.780117993073572,-1.4011555565411993
Schmidt 1983,4,20,Self-help,BF,12,-15.3,7.158212067269313,-2.137405242568706
Schmidt 1983,5,24,Self-help with support,BF,12,-16.4,7.1393276994406145,-2.297135065152561
Schweizer 1991,1,1,Placebo,BF,16,-68.2,5.2825033865051685,-12.910545438404382
Schweizer 1991,2,52,SNRIs,BF,15,-73.5,6.704598545464366,-10.96262505526486
Schweizer 1991,3,52,SNRIs,BF,15,-82.3,5.796133226681948,-14.19912151451933
Schweizer 1991,4,52,SNRIs,BF,14,-85.4,6.44920529031322,-13.241941627795875
Schweizer 1994,1,1,Placebo,CFB,78,-10.2,9.6,-1.0625
Schweizer 1994,2,48,TCAs,CFB,71,-13.1,8.9,-1.4719101123595504
Schweizer 1994,3,52,SNRIs,CFB,64,-15.6,9.8,-1.5918367346938773
Schweizer 1998,1,1,Placebo,BF,60,-56.3,5.908787379126166,-9.528181738082111
Schweizer 1998,2,48,TCAs,BF,60,-60.6,5.796133226681948,-10.455246218467455
Scott 1992,1,5,TAU,BF,29,-11.3,6.701492371106602,-1.6861915785683506
Scott 1992,2,11,Cognitive and cognitive behavioural therapies individual,BF,29,-11.6,5.781868210189506,-2.0062719484953115
Scott 1992,3,45,TCAs,BF,26,-10.2,7.7272245987806,-1.3200082215300972
Sechter 1999,1,42,SSRIs,BF,118,-64.4,5.686539710966275,-11.324989057195374
Sechter 1999,2,44,SSRIs,BF,116,-64.6,5.236273449345547,-12.337018038672902
Serrano-Blanco 2006,1,42,SSRIs,BF,49,-12.7,8.685044617041411,-1.4622837947292313
Serrano-Blanco 2006,2,48,TCAs,BF,45,-12.9,8.742997197757758,-1.47546656006116
Sharma 2005,1,53,Any AD,BF,15,-7.94,4.127129753230446,-1.923855191076823
Sharma 2005,2,92,Yoga group + AD,BF,15,-13,4.36003440353399,-2.981627848959852
Sheehan 2009a,1,1,Placebo,CFB,204,-9.3,7.9,-1.1772151898734178
Sheehan 2009a,2,7,Trazodone,CFB,202,-11.4,8.2,-1.3902439024390245
Sheehan 2009b,1,1,Placebo,BF,95,-11.020000000000003,8.01588423070094,-1.374770353817394
Sheehan 2009b,2,42,SSRIs,BF,99,-11.420000000000002,7.712399107930036,-1.4807324984333008
Sheehan 2009b,3,52,SNRIs,BF,95,-14.3,8.54921633835523,-1.672667930491411
Shelton 2006,1,44,SSRIs,BF,82,-11.3,5.550675634551167,-2.0357882074140923
Shelton 2006,2,52,SNRIs,BF,78,-12.7,5.550675634551167,-2.2880097552353074
Silverstone 1994,1,1,Placebo,CFB,69,-10.6,4.34,-2.442396313364055
Silverstone 1994,2,48,TCAs,CFB,66,-11.8,4.25,-2.7764705882352945
Singh 2005,1,5,TAU,BF,19,-5.299999999999999,5.273518749374084,-1.0050215523798143
Singh 2005,2,63,Exercise group,BF,18,-9.5,5.07444578254611,-1.872125628512157
Singh 2005,3,64,Exercise group,BF,17,-7.1,5.8642987645583,-1.2107159415052027
Sir 2005,1,44,SSRIs,CFB,79,-15.9,8.44,-1.8838862559241707
Sir 2005,2,52,SNRIs,CFB,79,-14.3,8.35,-1.7125748502994014
Smeraldi 1998b,1,7,Trazodone,BF,57,-10.1,11.007724560507498,-0.9175374932832032
Smeraldi 1998b,2,47,TCAs,BF,58,-15.9,10.47329938462565,-1.5181462322504131
Smeraldi 1998b,3,52,SNRIs,BF,55,-15.099999999999998,9.267685795278128,-1.6293172139795056
Sneed 2014,1,44,SSRIs,BF,58,-11.68,6.461772301877377,-1.807553633019
Sneed 2014,2,50,TCAs,BF,52,-13.36,7.163265645716629,-1.8650711366524277
Solati 2016,1,53,Any AD,BF,20,-5.559999999999995,4.2123152778489885,-1.3199391862328025
Solati 2016,2,76,Cognitive and cognitive behavioural therapies group + AD,BF,20,-8.720000000000006,3.474607891546901,-2.5096356976607934
Spring 1992,1,1,Placebo,CFB,15,-11.7,9,-1.2999999999999998
Spring 1992,2,45,TCAs,CFB,10,-16.7,6,-2.783333333333333
Sramek 1995,1,1,Placebo,CFB,70,-6.4,6.7,-0.9552238805970149
Sramek 1995,2,42,SSRIs,CFB,72,-8.6,6.3,-1.3650793650793651
Staner 1995,1,43,SSRIs,BF,21,-8.2,9.787236586493655,-0.8378258691851758
Staner 1995,2,45,TCAs,BF,19,-13.3,6.841783393238929,-1.9439376015825203
Stark 1985,1,1,Placebo,CFB,169,-8.2,9,-0.911111111111111
Stark 1985,2,42,SSRIs,CFB,185,-11,10.1,-1.0891089108910892
Stark 1985,3,48,TCAs,CFB,185,-12,10.1,-1.188118811881188
Study 62b (FDA),1,1,Placebo,CFB,48,-5.69,8.65,-0.6578034682080925
Study 62b (FDA),2,42,SSRIs,CFB,97,-9.78,8.47,-1.1546635182998817
Study 62b (FDA),3,42,SSRIs,CFB,103,-7.2,9.03,-0.79734219269103
Study 89306 (FDA),1,1,Placebo,CFB,88,-15.95,13.22,-1.206505295007564
Study 89306 (FDA),2,40,SSRIs,CFB,88,-17.94,12.91,-1.3896204492641364
Study 89306 (FDA),3,40,SSRIs,CFB,97,-16.04,13.53,-1.1855136733185514
Study F1J-MC-HMAQ - Study Group B,1,1,Placebo,CFB,72,-7.1,6.96,-1.0201149425287357
Study F1J-MC-HMAQ - Study Group B,2,42,SSRIs,CFB,37,-7.63,7,-1.09
Study F1J-MC-HMAQ - Study Group B,3,51,SNRIs,CFB,81,-8,6.75,-1.1851851851851851
Suleman 1997,1,42,SSRIs,BF,15,-18.2,2.364318083507378,-7.697779806768207
Suleman 1997,2,45,TCAs,BF,15,-15.9,3.148015247739439,-5.050801457018877
Sun 2013,1,42,SSRIs,BF,25,-11.2,4.009775554816005,-2.793173794116247
Sun 2013,2,57,Acupuncture,BF,20,-14.35,3.05707376423926,-4.694031321017515
Sun 2013,3,57,Acupuncture,BF,16,-12.87,2.8687802285989075,-4.486227237520254
Thase 2018,1,10,Cognitive and cognitive behavioural therapies individual,BF,77,-10.400000000000002,5.494542747126461,-1.8927871669465124
Thase 2018,2,25,Self-help with support,BF,77,-10.9,4.9,-2.2244897959183674
Tollefson 1993/1995,1,1,Placebo,CFB,329,-6.4,7.1,-0.9014084507042255
Tollefson 1993/1995,2,42,SSRIs,CFB,326,-8.1,7.6,-1.0657894736842106
Tollefson 1994,1,42,SSRIs,CFB,62,-10,6.7,-1.4925373134328357
Tollefson 1994,2,48,TCAs,CFB,60,-9.1,8,-1.1375
Tong 2020,1,53,Any AD,BF,45,-16.66,4.416740879879642,-3.772012090610575
Tong 2020,2,76,Cognitive and cognitive behavioural therapies group + AD,BF,43,-19.04,4.535239795203777,-4.198234461634348
Tsutsui 2000,1,7,Trazodone,CFB,105,-9.7,9.2,-1.0543478260869565
Tsutsui 2000,2,43,SSRIs,CFB,106,-12.1,9.2,-1.315217391304348
Tylee 1997,1,42,SSRIs,BF,170,-75.5,6.512259902787566,-11.59351763090449
Tylee 1997,2,52,SNRIs,BF,171,-71.2,6.575853903457053,-10.827491158611172
Tzanakaki 2000,1,42,SSRIs,BIN,54,-13.810040058714952,5.6,-2.4660785819133846
Tzanakaki 2000,2,52,SNRIs,BIN,55,-14.539437648199998,5.6,-2.5963281514642857
Umadevi 2013,1,4,Waitlist,BF,23,-2.3100000000000005,5.080088581904847,-0.4547164803834651
Umadevi 2013,2,65,Yoga group,BF,20,-10.55,4.175511944660199,-2.5266362879147635
VEN 600A-303 (FDA),1,1,Placebo,CFB,79,-9.89,8.45,-1.1704142011834322
VEN 600A-303 (FDA),2,52,SNRIs,CFB,69,-10.14,8.45,-1.2000000000000002
VEN 600A-313 (FDA),1,1,Placebo,CFB,75,-9.49,8.2,-1.1573170731707318
VEN 600A-313 (FDA),2,52,SNRIs,CFB,72,-10.92,6.63,-1.6470588235294117
VEN 600A-313 (FDA),3,52,SNRIs,CFB,77,-11.83,9.77,-1.210849539406346
VEN XR 367 (FDA),1,1,Placebo,CFB,81,-13.1,10.63,-1.2323612417685794
VEN XR 367 (FDA),2,43,SSRIs,CFB,80,-11.26,10.55,-1.067298578199052
VEN XR 367 (FDA),3,52,SNRIs,CFB,75,-14.63,10.62,-1.3775894538606406
Valle-Cabrera 2018,1,1,Placebo,BIN,38,-10.30738417067334,2.8,-3.6812086323833357
Valle-Cabrera 2018,2,44,SSRIs,BIN,39,-12.776544698367935,2.3,-5.5550194340730155
Van Moffaert 1995b,1,6,Mirtazapine,BIN,100,-15.968663268792524,4.9,-3.2589108711821475
Van Moffaert 1995b,2,7,Trazodone,BIN,100,-13.877851432119426,5.1,-2.72114733963126
Ventura 2007,1,41,SSRIs,CFB,104,-19.1,9.18,-2.0806100217864927
Ventura 2007,2,44,SSRIs,CFB,107,-18.4,9.31,-1.9763694951664874
Versiani 1989,1,1,Placebo,BIN,162,-22.04120827431965,5,-4.4082416548639305
Versiani 1989,2,48,TCAs,BIN,164,-20.158138522141225,5.1,-3.9525761808120055
Versiani 1999,1,42,SSRIs,CFB,77,-16.6,7.3,-2.2739726027397262
Versiani 1999,2,45,TCAs,CFB,79,-18.1,7.5,-2.4133333333333336
Versiani 2005,1,6,Mirtazapine,BF,145,-94.3,7.034870509062529,-13.404653273790888
Versiani 2005,2,42,SSRIs,BF,147,-90.9,7.034870509062529,-12.92134658099249
WELL AK1A4006,1,1,Placebo,CFB,148,-12.2,9.73,-1.2538540596094552
WELL AK1A4006,2,42,SSRIs,CFB,146,-13.9,10.87,-1.2787488500459983
Wade 2002,1,1,Placebo,BF,189,-12,7.926537705707328,-1.5139018377922642
Wade 2002,2,41,SSRIs,BF,188,-14.9,7.888599368709251,-1.8888017129000139
Wade 2007,1,41,SSRIs,BF,141,-23.61,5.9662081992515805,-3.957287310718005
Wade 2007,2,51,SNRIs,BF,146,-21.520000000000003,6.024330470286226,-3.5721811919420734
Wang 2013,1,43,SSRIs,BF,24,-11.42,7.5344276491316835,-1.515709026858346
Wang 2013,2,57,Acupuncture,BF,24,-10.95,6.08092920531065,-1.8007116396680052
Wang 2014a,1,39,SSRIs,BF,26,-13.87,1.7359147444503122,-7.990023729184936
Wang 2014a,2,96,Acupuncture + AD,BF,45,-15.849999999999998,3.711401352589072,-4.270624083526576
Wang 2014c,1,1,Placebo,BF,153,-78.81,6.639971794448689,-11.869026321149233
Wang 2014c,2,41,SSRIs,BF,152,-80.72999999999999,6.7697195831081345,-11.925161597747449
Ward 2000/King 2000,1,5,TAU,BF,67,-8.2,11.072939989000211,-0.7405440658168316
Ward 2000/King 2000,2,11,Cognitive and cognitive behavioural therapies individual,BF,63,-13.3,9.82242332624694,-1.3540446749490498
Ward 2000/King 2000,3,17,Counselling individual,BF,67,-12.499999999999998,8.970507232035432,-1.393455205672212
Wernicke 1987,1,1,Placebo,CFB,48,-5.7,8.6,-0.6627906976744187
Wernicke 1987,2,42,SSRIs,CFB,97,-9.8,8.5,-1.1529411764705884
Wernicke 1987,3,42,SSRIs,CFB,97,-9.6,8.2,-1.1707317073170733
Wernicke 1987,4,42,SSRIs,CFB,103,-7.2,9.1,-0.7912087912087913
Wernicke 1988,1,1,Placebo,CFB,77,-7,8.6,-0.813953488372093
Wernicke 1988,2,42,SSRIs,CFB,91,-10,8.4,-1.1904761904761905
Wernicke 1988,3,42,SSRIs,CFB,92,-11.2,8.2,-1.3658536585365855
Wheatley 1998,1,6,Mirtazapine,BF,60,-66.2,6.024330470286226,-10.988772997516973
Wheatley 1998,2,42,SSRIs,BF,63,-62.5,5.9662081992515805,-10.475665265560158
White 1984,1,1,Placebo,CFB,45,-17,8.8,-1.9318181818181817
White 1984,2,50,TCAs,CFB,40,-11.7,8.2,-1.4268292682926829
Whitmyer 2007,1,51,SNRIs,CFB,202,-7.43,6.4,-1.1609375
Whitmyer 2007,2,51,SNRIs,CFB,195,-7.46,6.42,-1.161993769470405
Whitmyer 2007,3,51,SNRIs,CFB,198,-8.26,6.47,-1.276661514683153
Wilson 1982,1,1,Placebo,BF,12,-10.33,9.632491889433387,-1.0724120111984483
Wilson 1982,2,38,Relaxation individual + placebo,BF,11,-9.27,9.000072221932443,-1.0299917346673912
Wilson 1982,3,45,TCAs,BF,10,-11.2,8.430284692701665,-1.3285435081090624
Wilson 1982,4,67,Behavioural therapies individual + AD,BF,12,-13.659999999999998,8.632189756950433,-1.5824489943587363
Wilson 1982,5,86,Relaxation individual + AD,BF,10,-14.6,5.509455508487204,-2.649989636454818
Wright 2005,1,4,Waitlist,CFB,15,-1.9,5.5,-0.34545454545454546
Wright 2005,2,11,Cognitive and cognitive behavioural therapies individual,CFB,15,-8.3,6.6,-1.2575757575757578
Wright 2005,3,25,Self-help with support,CFB,15,-7.5,6.3,-1.1904761904761905
Xiaoling 2018,1,41,SSRIs,BF,65,-10.25,2.742827008763039,-3.737020223022577
Xiaoling 2018,2,42,SSRIs,BF,65,-8.329999999999998,3.247629905023046,-2.5649474366263685
Yevtushenko 2007,1,40,SSRIs,CFB,108,-25.19,8.11,-3.106041923551172
Yevtushenko 2007,2,41,SSRIs,CFB,108,-28.7,8.11,-3.5388409371146734
Zhang 2007a,1,43,SSRIs,BF,20,-18.6,5.1643005334701435,-3.6016494159184345
Zhang 2007a,2,95,Acupuncture + AD,BF,22,-22,5.2848841046895245,-4.162815979347281
Zhang 2014,1,1,Placebo,CFB,180,-8.29,6.5,-1.2753846153846153
Zhang 2014,2,7,Trazodone,CFB,183,-11.07,6.5,-1.7030769230769232
Zhang 2019,1,6,Mirtazapine,BF,79,-15.9,2.066397831977183,-7.694549304083652
Zhang 2019,2,42,SSRIs,BF,79,-14.8,2.1656407827707715,-6.834005028786231
Zhao 2006,1,7,Trazodone,CFB,55,-15.4,11.1,-1.3873873873873874
Zhao 2006,2,42,SSRIs,CFB,58,-20.7,9.5,-2.1789473684210527
Zhao 2019a,1,39,SSRIs,BF,156,-12.88,5.346802782972269,-2.4089162295303614
Zhao 2019a,2,93,Acupuncture + AD,BF,160,-15.820000000000002,5.045829961463228,-3.1352622107409265
Zhao 2019a,3,96,Acupuncture + AD,BF,161,-14.56,5.5021177740938985,-2.646253787687737
Zivkov 1995,1,6,Mirtazapine,BF,113,-15.2,8.748142660016468,-1.7375116742747982
Zivkov 1995,2,45,TCAs,BF,111,-15.6,8.662563131083086,-1.8008526765044794
Zu 2014,1,5,TAU,CFB,16,-7.8,7,-1.1142857142857143
Zu 2014,2,10,Cognitive and cognitive behavioural therapies individual,CFB,12,-9.6,2.4,-4
Zu 2014,3,39,SSRIs,CFB,25,-6.9,6.8,-1.0147058823529413
Zu 2014,4,70,Cognitive and cognitive behavioural therapies individual + AD,CFB,43,-9.8,4.7,-2.0851063829787235
