Cuijpers Appendix E Study,Cuijpers Appendix E Study (raw),Cuijpers Full Reference,Present in mmc3 MS depression-included studies
"A-Tjak, 2018","A-Tjak, 2018","A-Tjak JGL, Morina N, Topper M, Emmelkamp PMG. A Randomized Controlled Trial in Routine Clinical Practice Comparing Acceptance and Commitment Therapy with Cognitive Behavioral Therapy for the Treatment of Major Depressive Disorder. Psychotherapy and psychosomatics 2018",False
"Aagaard, 2017","Aagaard, 2017","Aagaard, J., Foldager, L., Makki, A., Hansen, V., & M¸ller-Nielsen, K. (2017). The efficacy of psychoeducation on recurrent depression: a randomized trial with a 2-year follow-up. Nord J Psychiatry, 71(3), 223-229.",False
"Abas, 2018","Abas, 2018","Abas M, Nyamayaro P, Bere T, et al. Feasibility and acceptability of a task-shifted intervention to enhance adherence to HIV medication and improve depression in people living with HIV in Zimbabwe, a low income country in sub-Saharan Africa. AIDS and Behavior 2018; 22(1): 86-101.",False
"Ahmadpanah, 2016","Ahmadpanah, 2016","Ahmadpanah, M., Paghale, S. J., Bakhtyari, A., Kaikhavani, S., Aghaei, E., Nazaribadie, M., . . . Brand, S. (2016). Effects of psychotherapy in combination with pharmacotherapy, when compared to pharmacotherapy only on blood pressure, depression, and anxiety in female patients with hypertension.",False
"Allart-Van, 2003","Allart, 2003","Allart-Van Dam E, Hosman CMH, Hoogduin CAL, Schaap CPDR. The coping with depression course: Short-term outcomes and mediating effects of a randomized controlled trial in the treatment of subclinical depression. Behavior Therapy. 2003;34(3):381-96.",False
"Arean, 2010","Arean, 2010","Arean PA, Raue P, Mackin RS, Kanellopoulos D, McCulloch C, Alexopoulos GS. Problem-solving therapy and supportive therapy in older adults with major depression and executive dysfunction. American Journal of Psychiatry. 2010;167(11):1391-8.",False
"Ayen, 2004","Ayen, 2004","Ayen I, Hautzinger M. Cognitive behavior therapy for depression in menopausal women. A controlled, randomized treatment study. Zeitschrift fur Klinische Psychologie und Psychotherapie. 2004;33(4):290-9.",False
"Barber, 2012","Barber, 2012","Barber JP, Barrett MS, Gallop R, Rynn MA, Rickels K. Short-term dynamic psychotherapy versus pharmacotherapy for major depressive disorder: A randomized, placebo-controlled trial. Journal of Clinical Psychiatry. 2012;73(1):66-73.",False
"Barnhofer, 2009","Barnhofer, 2009","Barnhofer T, Crane C, Hargus E, Amarasinghe M, Winder R, Williams JM. Mindfulness-based cognitive therapy as a treatment for chronic depression: A preliminary study. Behaviour Research and Therapy. 2009;47(5):366-73.",False
"Barrett, 2001","Barret, 2001","Barrett JE, Williams Jr JW, Oxman TE, Frank E, Katon W, Sullivan M, et al. Treatment of dysthymia and minor depression in primary care: A randomized trial in patients aged 18 to 59 years. Journal of Family Practice. 2001;50(5):405-12.",False
"Bedard, 2014","Bedard, 2014","Bedard M, Felteau M, Marshall S, Cullen N, Gibbons C, Dubois S, et al. Mindfulness-based cognitive therapy reduces symptoms of depression in people with a traumatic brain injury: Results from a randomized controlled trial. Journal of Head Trauma Rehabilitation. 2014;29(4):E13-E22.",False
"Beeber, 2010","Beeber, 2010","Beeber LS, Holditch-Davis D, Perreira K, Schwartz TA, Lewis V, Blanchard H, et al. Short-term in-home intervention reduces depressive symptoms in Early Head Start Latina mothers of infants and toddlers. Research in Nursing and Health. 2010;33(1):60-76.",False
"Berger, 2011","Berger, 2011","Berger T, Hämmerli K, Gubser N, Andersson G, Caspar F. Internet-based treatment of depression: A randomized controlled trial comparing guided with unguided self-help. Cognitive Behaviour Therapy. 2011;40(4):251-66.",False
"Berger, 2017","Berger, 2017","Berger, T., Krieger, T., Sude, K., Meyer, B., & Maercker, A. (2017). Evaluating an e-mental health program (""deprexis"") as adjunctive treatment tool in psychotherapy for depression: results of a pragmatic randomized controlled trial. Journal of Affective Disorders, 227, 455-462.",False
"Beutel, 2014","Beutel, 2014","Beutel ME, Weissflog G, Leuteritz K, Wiltink J, Haselbacher A, Ruckes C, et al. Efficacy of short-term psychodynamic psychotherapy (STPP) with depressed breast cancer patients: Results of a randomized controlled multicenter trial. Annals of Oncology. 2014;25(2):378-84.",False
"Blanco, 2018","Blanco, 2018","Blanco C, Markowitz JC, Hellerstein DJ, et al. A randomized trial of interpersonal psychotherapy, problem solving therapy, and supportive therapy for major depressive disorder in women with breast cancer. Breast cancer research and treatment 2018",False
"Bodenmann, 2008","Bodenmann, 2008","Bodenmann G, Plancherel B, Beach SR, Widmer K, Gabriel B, Meuwly N, et al. Effects of coping-oriented couples therapy on depression: A randomized clinical trial. Journal of Consulting and Clinical Psychology. 2008;76(6):944-54.",False
"Boele, 2018","Boele, 2018","Boele FW, Klein M, Verdonck-de Leeuw IM, et al. Internet-based guided self-help for glioma patients with depressive symptoms: a randomized controlled trial. Journal of neuro-oncology 2018; 137(1): 191‐203.",False
"Boeschoten, 2017","Boeschoten, 2017","Boeschoten, R. E., Dekker, J., Uitdehaag, B. M. J., Beekman, A. T. F., Hoogendoorn, A. W., Collette, E. H., . . . Van Oppen, P. (2017). Internet-based treatment for depression in multiple sclerosis: A randomized controlled trial. Multiple Sclerosis, 23(8), 1112-1122.",False
"Bohlmeijer, 2011","Bohlmeijer, 2011","Bohlmeijer ET, Fledderus M, Rokx TA, Pieterse ME. Efficacy of an early intervention based on acceptance and commitment therapy for adults with depressive symptomatology: Evaluation in a randomized controlled trial. Behaviour research and therapy. 2011;49(1):62-7.",False
"Bolton, 2003","Bolton, 2003","Bolton P, Bass J, Neugebauer R, Verdeli H, Clougherty KF, Wickramaratne P, et al. Group interpersonal psychotherapy for depression in rural Uganda: A randomized controlled trial. JAMA. 2003;289(23):3117-24.",False
"Bright, 1999","Bright, 1999","Bright JI, Baker KD, Neimeyer RA. Professional and paraprofessional group treatments for depression: a comparison of cognitive-behavioral and mutual support interventions. Journal of Consulting and Clinical Psychology. 1999;67(4):491-501.",False
"Brown, 1984","Brown, 1984","Brown RA, Lewinsohn PM. A psychoeducational approach to the treatment of depression: Comparison of group, individual, and minimal contact procedures. Journal of Consulting and Clinical Psychology. 1984;52(5):774.",False
"Buhrman, 2014","Buhrman, 2015","Buhrman M, Syk M, Burvall O, Hartig T, Gordh T, Andersson G. Individualized Guided Internet-delivered Cognitive Behaviour Therapy for Chronic Pain Patients with Comorbid Depression and Anxiety: A Randomized Controlled Trial. Clinical Journal of Pain 2014.",False
"Burns, 2013","Burns, 2013","Burns A, O'Mahen H, Baxter H, Bennert K, Wiles N, Ramchandani P, et al. A pilot randomised controlled trial of cognitive behavioural therapy for antenatal depression. BMC psychiatry. 2013;13:33.",False
"Carlbring, 2013","Carlbring, 2013","Carlbring P, Hagglund M, Luthstrom A, Dahlin M, Kadowaki A, Vernmark K, et al. Internet-based behavioral activation and acceptance-based treatment for depression: A randomized controlled trial. Journal of Affective Disorders. 2013;148(2-3):331-7.",False
"Carr, 2017","Carr, 2017","Carr, A., Finnegan, L., Griffin, E., Cotter, P., & Hyland, A. (2017). A Randomized Controlled Trial of the Say Yes to Life (SYTL) Positive Psychology Group Psychotherapy Program for Depression: An Interim Report. Journal of Contemporary Psychotherapy, 47(3), 153-161.",False
"Carta, 2012","Carta, 2012","Carta MG, Petretto D, Adamo S, Bhat KM, Lecca ME, Mura G, et al. Counseling in primary care improves depression and quality of life. Clinical Practice and Epidemiology in Mental Health. 2012;8.",False
"Carter, 2013","Carter, 2013","Carter JD, McIntosh VV, Jordan J, Porter RJ, Frampton CM, Joyce PR. Psychotherapy for depression: A randomized clinical trial comparing schema therapy and cognitive behavior therapy. Journal of Affective Disorders. 2013;151(2):500-5.",False
"Casanas, 2012","Casanas, 2012","Casanas R, Catalan R, del Val JL, Real J, Valero S, Casas M. Effectiveness of a psycho-educational group program for major depression in primary care: A randomized controlled trial. BMC psychiatry. 2012;12:230.",False
"Castonguay, 2004","Castonguay, 2004","Castonguay LG, Schut AJ, Aikens DE, Constantino MJ, Laurenceau J-P, Bologh L, et al. Integrative cognitive therapy for depression: A preliminary investigation. Journal of Psychotherapy Integration. 2004;14(1):4-20.",False
"Chan, 2012","Chan, 2012","Chan AS, Wong QY, Sze SL, Kwong PP, Han YM, Cheung MC. A Chinese Chan-based mind-body intervention for patients with depression. Journal of Affective Disorders. 2012;142(1-3):283-9.",False
"Chan, 2013","Chan, 2013","Chan MF, Ng SE, Tien A, Man Ho RC, Thayala J. A randomised controlled study to explore the effect of life story review on depression in older Chinese in Singapore. Health and Social Care in the Community. 2013;21(5):545-53.",False
"Chen, 2000","Chen, 2000","Chen CH, Tseng YF, Chou FH, Wang SY. Effects of support group intervention in postnatally distressed women. A controlled study in Taiwan. Journal of psychosomatic research. 2000;49(6):395-9.",False
"Chiang, 2015","Chiang, 2015","Chiang KJ, Chen TH, Hsieh HT, Tsai JC, Ou KL, Chou KR. One-year follow-up of the effectiveness of cognitive behavioral group therapy for patients' depression: A randomized, single-blinded, controlled study. Scientific World Journal. 2015;2015:Article ID 373149.",False
"Cho, 2008","Cho, 2008","Cho HJ, Kwon JH, Lee JJ. Antenatal cognitive-behavioral therapy for prevention of postpartum depression: A pilot study. Yonsei medical journal. 2008;49(4):553-62.",False
"Chowdhary, 2016","Chowdhary, 2016","Chowdhary N, Anand A, Dimidjian S, Shinde S, Weobong B, Balaji M, et al. The Healthy Activity Program lay counsellor delivered treatment for severe depression in India: Systematic development and randomised evaluation. British Journal of Psychiatry. 2016;208(4):381-8.",False
"Choy, 2016","Choy, 2016","Choy JC, Lou VW. Effectiveness of the modified instrumental reminiscence intervention on psychological well-being among community-dwelling chinese older adults: A randomized controlled trial. American Journal of Geriatric Psychiatry. 2016;24(1):60-9.",False
"Clark, 2003","Clark, 2003","Clark R, Tluczek A, Wenzel A. Psychotherapy for postpartum depression: A preliminary report. American Journal of Orthopsychiatry. 2003;73(4):441-54.",False
"Collado, 2016","Collado, 2016","Collado, A., Calderón, M., MacPherson, L., & Lejuez, C. (2016). The efficacy of behavioral activation treatment among depressed Spanish-speaking Latinos. Journal of Consulting and Clinical Psychology, 84(7), 651-657.",False
"Cooper, 2003","Cooper, 2003","Cooper PJ, Murray L, Wilson A, Romaniuk H. Controlled trial of the short- and long-term effect of psychological treatment of post-partum depression. I. Impact on maternal mood. The British Journal of Psychiatry. 2003;182(5):412-9.",False
"Cramer, 2011","Cramer, 2011","Cramer H, Salisbury C, Conrad J, Eldred J, Araya R. Group cognitive behavioural therapy for women with depression: Pilot and feasibility study for a randomised controlled trial using mixed methods. BMC psychiatry. 2011;11:82.",False
"De, 2018","De Jong, 2018","De Jong M, Peeters F, Gard T, et al. A randomized controlled pilot study on mindfulness-based cognitive therapy for unipolar depression in patients with chronic pain. Journal of clinical psychiatry 2018; 79(1): 26‐34.",False
"De, 2019","De Groot, 2019","De Groot, M., Shubrook, J. H., Hornsby, W. G., Pillay, Y., Mather, K. J., Fitzpatrick, K., . . . Saha, C. (2019). Program ACTIVE II: Outcomes from a randomized, multistate community-based depression treatment for rural and urban adults with type 2 diabetes. Diabetes care, 42(7), 1185-1193. doi:10.2337/dc18-2400",False
"DeRubeis, 2005","DeRubeis, 2005","DeRubeis RJ, Hollon SD, Amsterdam JD, Shelton RC, Young PR, Salomon RM, et al. Cognitive therapy vs medications in the treatment of moderate to severe depression. Archives of General Psychiatry. 2005;62(4):409-16.",False
"Dekker, 2012","Dekker, 2012","Dekker RL, Moser DK, Peden AR, Lennie TA. Cognitive therapy improves three-month outcomes in hospitalized patients with heart failure. Journal of cardiac failure. 2012;18(1):10-20.",False
"Delgadillo, 2015","Delgadillo, 2015","Delgadillo J, Gore S, Ali S, et al. Feasibility randomized controlled trial of cognitive and behavioral interventions for depression symptoms in patients accessing drug and alcohol treatment.",False
"Desautels, 2017","Desautels, 2017","Desautels, C., Savard, J., Ivers, H., Savard, M. H., & Caplette-Gingras, A. (2017). Treatment of Depressive Symptoms in Patients with Breast Cancer: A Randomized Controlled Trial Comparing Cognitive Therapy and Bright Light Therapy. Health Psychology.",False
"Dimidjian, 2006","Dimidjian, 2006","Dimidjian S, Hollon SD, Dobson KS, Schmaling KB, Kohlenberg RJ, Addis ME, et al. Randomized trial of behavioral activation, cognitive therapy, and antidepressant medication in the acute treatment of adults with major depression. Journal of Consulting and Clinical Psychology. 2006;74(4):658-70.",False
"Dimidjian, 2017","Dimidjian, 2017","Dimidjian, S., Goodman, S., Sherwood, N., Simon, G., Ludman, E., Gallop, R., . . . Beck, A. (2017). A Pragmatic Randomized Clinical Trial of Behavioral Activation for Depressed Pregnant Women. Journal of Consulting and Clinical Psychology, 85(1), 26-36",False
"Dobkin, 2011","Dobkin, 2011","Dobkin RD, Menza M, Allen LA, Gara MA, Mark MH, Tiu J, et al. Cognitive-behavioral therapy for depression in Parkinson's disease: A randomized, controlled trial. American Journal of Psychiatry. 2011;168(10):1066-74.",False
"Doering, 2013","Doering, 2013","Doering LV, Chen B, Cross Bodan R, Magsarili MC, Nyamathi A, Irwin MR. Early cognitive behavioral therapy for depression after cardiac surgery. Journal of Cardiovascular Nursing. 2013;28(4):370-9.",False
"Dong, 2019","Dong, 2019","Dong, X., Sun, G., Zhan, J., Liu, F., Ma, S., Li, P., . . . Liu, Y. (2019). Telephone-based reminiscence therapy for colorectal cancer patients undergoing postoperative chemotherapy complicated with depression: a three-arm randomised controlled trial. Supportive care in cancer : official journal of the Multinational Association of Supportive Care in Cancer, 27(8), 2761-2769. doi:10.1007/s00520-018-4566-6",False
"Dowrick, 2000","Dowrick, 2000","Dowrick C, Dunn G, Ayuso-Mateos JL, Dalgard OS, Page H, Lehtinen V. Problem solving treatment and group psychoeducation for depression: Multicentre randomised controlled trial Outcomes of Depression International Network [ODIN] Group. BMJ. 2000;321(7274):1450-4.",False
"Driessen, 2013","Driessen, 2013","Driessen E, Van HL, Don FJ, Peen J, Kool S, Westra D, et al. The efficacy of cognitive-behavioral therapy and psychodynamic therapy in the outpatient treatment of major depression: A randomized clinical trial. American Journal of Psychiatry. 2013;170(9):1041-50.",False
"Duarte, 2009","Duarte, 2009","Duarte PS, Miyazaki MC, Blay SL, Sesso R. Cognitive-behavioral group therapy is an effective treatment for major depression in hemodialysis patients. Kidney international. 2009;76(4):414-21.",False
"Dwight-Johnson, 2011","Dwight-Johnson, 2011","Dwight-Johnson M, Aisenberg E, Golinelli D, Hong S, O'Brien M, Ludman E. Telephone-based cognitive-behavioral therapy for Latino patients living in rural areas: A randomized pilot study. Psychiatric Services. 2011;62(8):936-42.",False
"Ebert, 2014","Ebert, 2014","Ebert, Scand J Work Environm Health 2014",False
"Ekeblad, 2016","Ekeblad, 2016","Ekeblad, A., Falkenström, F., Andersson, G., Vestberg, R., & Holmqvist, R. (2016). Randomized trial of interpersonal psychotherapy and cognitive behavioral therapy for major depressive disorder in a community‐based psychiatric outpatient clinic. Depress Anxiety, 33(12), 1090-1098.",False
"Ekers, 2011","Ekers, 2011","Ekers D, Richards D, McMillan D, Bland JM, Gilbody S. Behavioural activation delivered by the non-specialist: Phase II randomised controlled trial. The British Journal of Psychiatry. 2011;198(1):66-72.",False
"Ekkers, 2011","Ekkers, 2011","Ekkers W, Korrelboom K, Huijbrechts I, Smits N, Cuijpers P, Gaag M. Competitive memory training for treating depression and rumination in depressed older adults: A randomized controlled trial. Behaviour Research and Therapy. 2011;49(10):588-96.",False
"Embling, 2002","Embling, 2002",Embling S. The effectiveness of cognitive behavioural therapy in depression. Nursing Standard. 2002;17(14-15):33-41.,False
"Eseadi, 2018","Eseadi, 2018","Eseadi C, Obidoa MA, Ogbuabor SE, Ikechukwu-Ilomuanya AB. Effects of Group-Focused Cognitive-Behavioral Coaching Program on Depressive Symptoms in a Sample of Inmates in a Nigerian Prison. International journal of offender therapy and comparative criminology 2018; 62(6): 1589-602.",False
"Euteneuer, 2017","Euteneuer, 2017","Euteneuer, F., Dannehl, K., Del Rey, A., Engler, H., Schedlowski, M., & Rief, W. (2017). Immunological effects of behavioral activation with exercise in major depression: An exploratory randomized controlled trial. Translational Psychiatry, 7(5).",False
"Evans, 1995","Evans, 1995","Evans RL, Connis RT. Comparison of brief group therapies for depressed cancer patients receiving radiation treatment. Public Health Reports. 1995;110(3):306-11.",False
"Fann, 2015","Fann, 2015","Fann JR, Bombardier CH, Vannoy S, Dyer J, Ludman E, Dikmen S, et al. Telephone and in-person cognitive behavioral therapy for major depression after traumatic brain injury: A randomized controlled trial. Journal of neurotrauma. 2015;32(1):45-57.",False
"Faramarzi, 2008","Faramarzi, 2008","Faramarzi M, Alipor A, Esmaelzadeh S, Kheirkhah F, Poladi K, Pash H. Treatment of depression and anxiety in infertile women: Cognitive behavioral therapy versus fluoxetine. Journal of Affective Disorders. 2008;108(1-2):159-64.",False
"Fledderus, 2012","Fledderus, 2012","Fledderus M, Bohlmeijer ET, Pieterse ME, Schreurs KM. Acceptance and commitment therapy as guided self-help for psychological distress and positive mental health: A randomized controlled trial. Psychological Medicine. 2012;42(3):485-95.",False
"Floyd, 2004","Floyd, 2004","Floyd M, Scogin F, McKendree-Smith NL, Floyd DL, Rokke PD. Cognitive therapy for depression: A comparison of individual psychotherapy and bibliotherapy for depressed older adults. Behavior modification. 2004;28(2):297-318.",False
"Folke, 2012","Folke, 2012","Folke F, Parling T, Melin L. Acceptance and commitment therapy for depression: A preliminary randomized clinical trial for unemployed on long-term sick leave. Cognitive and Behavioral Practice. 2012;19(4):583-94.",False
"Fonagy, 2015","Fonagy, 2015","Fonagy P, Rost F, Carlyle JA, McPherson S, Thomas R, Pasco Fearon RM, et al. Pragmatic randomized controlled trial of long-term psychoanalytic psychotherapy for treatment-resistant depression: The Tavistock Adult Depression Study (TADS). World Psychiatry. 2015;14(3):312-21.",False
"Forand, 2017","Forand, 2017","Forand, N., Barnett, J., Strunk, D., Hindiyeh, M., Feinberg, J., & Keefe, J. (2017). Efficacy of Guided iCBT for Depression and Mediation of Change by Cognitive Skill Acquisition. Behavior Therapy, (no pagination).",False
"Forsell, 2017","Forsell, 2017","Forsell E, Bendix M, Holländare F, et al. Internet delivered cognitive behavior therapy for antenatal depression: A randomised controlled trial. Journal of Affective Disorders 2017; 221: 56-64.",False
"Freedland, 2009","Freedland, 2009","Freedland KE, Skala JA, Carney RM, Rubin EH, Lustman PJ, D·vila-Rom·n VG, et al. Treatment of depression after coronary artery bypass surgery: A randomized controlled trial. Archives of General Psychiatry. 2009;66(4):387-96.",False
"Freedland, 2015","Freedland, 2015","Freedland KE, Carney RM, Rich MW, Steinmeyer BC, Rubin EH. Cognitive behavior therapy for depression and self-care in heart failure patients: A randomized clinical trial. JAMA Internal Medicine. 2015;175(11):1773-82.",False
"Freire, 2015","Freire, 2015","Freire E, Williams C, Messow C-M, Cooper M, Elliott R, McConnachie A, et al. Counselling versus low-intensity cognitive behavioural therapy for persistent sub-threshold and mild depression (CLICD): A pilot/feasibility randomised controlled trial. BMC psychiatry. 2015;15.",False
"Fuhr, 2019","Fuhr, 2019","Fuhr, D. C., Weobong, B., Lazarus, A., Vanobberghen, F., Weiss, H. A., Singla, D. R., . . . Patel, V. (2019). Delivering the Thinking Healthy Programme for perinatal depression through peers: An individually randomised controlled trial in India. The Lancet Psychiatry, 6(2), 115-127. doi:10.1016/S2215-0366(18)30466-8",False
"Furukawa, 2012","Furukawa, 2012","Furukawa TA, Horikoshi M, Kawakami N, Kadota M, Sasaki M, Sekiya Y, et al. Telephone cognitive-behavioral therapy for subthreshold depression and presenteeism in workplace: A randomized controlled trial. PLoS One. 2012;7(4):e35330.",False
"Garc, 2015","Garcia-Pena, 2015","García-Peña C, Vázquez-Estupiñan F, Avalos-Pérez F, Jiménez LVR, Sánchez-Garcia S, Juárez-Cedillo T. Clinical effectiveness of group cognitive-behavioural therapy for depressed older people in primary care: A randomised controlled trial. Salud Mental. 2015;38(1):33-9.",False
"Gawrysiak, 2009","Gawrysiak, 2009","Gawrysiak M, Nicholas C, Hopko DR. Behavioral activation for moderately depressed university students: Randomized controlled trial. Journal of Counseling Psychology. 2009;56(3):468-75.",False
"Gellis, 2008","Gellis, 2008","Gellis ZD, McGinty J, Tierney L, Jordan C, Burton J, Misener E. Randomized controlled trial of problem-solving therapy for minor depression in home care. Research on Social Work Practice. 2008;18(6):596-606.",False
"Gellis, 2010","Gellis, 2010","Gellis ZD, Bruce ML. Problem solving therapy for subthreshold depression in home healthcare patients with cardiovascular disease. The American Journal of Geriatric Psychiatry. 2010;18(6):464-74.",False
"Geraedts, 2014","Geraedts, 2014","Geraedts AS, Kleiboer AM, Wiezer NM, van Mechelen W, Cuijpers P. Short-term effects of a web-based guided self-help intervention for employees with depressive symptoms: Randomized controlled trial. Journal of Medical Internet Research. 2014;16(5):e121.",False
"Gibbons, 2012","Gibbons, 2012","Gibbons MB, Thompson SM, Scott K, Schauble LA, Mooney T, Thompson D, et al. Supportive-expressive dynamic psychotherapy in the community mental health system: A pilot effectiveness trial for the treatment of depression. Psychotherapy (Chicago, Ill). 2012;49(3):303-16.",False
"Greenberg, 2018","Greenberg, 2018","Greenberg J, Datta T, Shapero BG, Sevinc G, Mischoulon D, Lazar SW. Compassionate hearts protect against wandering minds: Self-compassion moderates the effect of mind-wandering on depression. Spirituality in Clinical Practice 2018; 5(3): 155-69.",False
"Grote, 2009","Grote, 2009","Grote NK, Swartz HA, Geibel SL, Zuckoff A, Houck PR, Frank E. A randomized controlled trial of culturally relevant, brief interpersonal psychotherapy for perinatal depression. Psychiatric Services. 2009;60(3):313-21.",False
"Hagen, 2017","Hagen, 2017","Hagen, R., Hjemdal, O., Solem, S., Kennair, L. E. O., Nordahl, H. M., Fisher, P., & Wells, A. (2017). Metacognitive therapy for depression in adults: A waiting list randomized controlled trial with six months follow-up. Frontiers in Psychology, 8.",False
"Hallford, 2016","Hallford, 2016","Hallford DJ, Mellor D. Autobiographical memory-based intervention for depressive symptoms in young adults: A randomized controlled trial of cognitive-reminiscence therapy. Psychotherapy and Psychosomatics. 2016;85(4):246-9.",False
"Hallgren, 2015","Hallgren, 2015","Hallgren M, Kraepelien M, Öjehagen A, Lindefors N, Zeebari Z, Kaldo V, et al. Physical exercise and internet-based cognitive-behavioural therapy in the treatment of depression: Randomised controlled trial. British Journal of Psychiatry. 2015;207(3):227-34.",False
"Haringsma, 2006","Haringsma, 2005","Haringsma R, Engels G, Cuijpers P, Spinhoven P. Effectiveness of the Coping With Depression (CWD) course for older adults provided by the community-based mental health care system in the Netherlands: A randomized controlled field trial. International Psychogeriatrics. 2006;18(02):307-25.",False
"Harley, 2008","Harley, 2008","Harley R, Sprich S, Safren S, Jacobo M, Fava M. Adaptation of dialectical behavior therapy skills training group for treatment-resistant depression. Journal of Nervous and Mental Disease. 2008;196(2):136-43.",False
"Hassiotis, 2013","Hassiotis, 2013","Hassiotis A, Serfaty M, Azam K, Strydom A, Blizard R, Romeo R, et al. Manualised individual cognitive behavioural therapy for mood disorders in people with mild to moderate intellectual disability: A feasibility randomised controlled trial. Journal of Affective Disorders. 2013;151(1):186-95.",False
"Hautzinger, 2004","Hautzinger, 2004","Hautzinger M, Welz S. Kognitive Verhaltenstherapie bei Depressionen im Alter: Ergebnisse einer kontrollierten Vergleichsstudie unter ambulanten Bedingungen an Depressionen mittleren Schweregrads. = Cognitive behavioral therapy for depressed older outpatients: A controlled, randomized trial. Zeitschrift für Gerontologie und Geriatrie. 2004;37(6):427-35.",False
"Hautzinger, 2008","Hautzinger, 2008","Hautzinger M, Welz S. Kurz- und längerfristige wirksamkeit psychologischer interventionen bei depressionen im alter. = Short- and long-term efficacy of psychological intervention for depression in older adults. Zeitschrift für Klinische Psychologie und Psychotherapie: Forschung und Praxis. 2008;37(1):52-60.",False
"Hayden, 2012","Hayden, 2012","Hayden T, Perantie DC, Nix BD, Barnes LD, Mostello DJ, Holcomb WL, et al. Treating prepartum depression to improve infant developmental outcomes: A study of diabetes in pregnancy. Journal of clinical psychology in medical settings. 2012;19(3):285-92.",False
"Heckman, 2017","Heckman, 2017","Heckman, T. G., Heckman, B. D., Anderson, T., Lovejoy, T. I., Markowitz, J. C., Shen, Y., & Sutton, M. (2017). Tele-interpersonal psychotherapy acutely reduces depressive symptoms in depressed HIV-infected rural persons: A randomized clinical trial. Behavioral Medicine, 43(4), 285-295.",False
"Hegerl, 2010","Hegerl, 2010","Hegerl U, Hautzinger M, Mergl R, Kohnen R, Sch¸tze M, Scheunemann W, et al. Effects of pharmacotherapy and psychotherapy in depressed primary-care patients: A randomized, controlled trial including a patients' choice arm. International Journal of Neuropsychopharmacology. 2010;13(1):31-44.",False
"Hemanny, 2019","Hemanny, 2019","Hemanny, C., Carvalho, C., Maia, N., Reis, D., Botelho, A. C., Bonavides, D., . . . De Oliveira, I. R. (2019). Efficacy of trial-based cognitive therapy, behavioral activation and treatment as usual in the treatment of major depressive disorder: Preliminary findings from a randomized clinical trial. CNS Spectrums. doi:10.1017/S1092852919001457",False
"Hermanns, 2015","Hermanns, 2015","Hermanns N, Schmitt A, Gahr A, Herder C, Nowotny B, Roden M, et al. The effect of a diabetes-specific cognitive behavioral treatment program (DIAMOS) for patients with diabetes and subclinical depression: Results of a randomized controlled trial. Diabetes care. 2015;38(4):551-60.",False
"Herrmann-Lingen, 2016","Herrmann-Lingen, 2016","Herrmann-Lingen C, Beutel ME, Bosbach A, Deter HC, Fritzsche K, Hellmich M, et al. A stepwise psychotherapy intervention for reducing risk in coronary artery disease (SPIRR-CAD): Results of an observer-blinded, multicenter, randomized trial in depressed patients with coronary artery disease. Psychosomatic Medicine. 2016;78(6):704-15.",False
"Hofheinz, 2019","Hofheinz, 2019","Hofheinz, C., Reder, M., & Michalak, J. (2019). How specific is cognitive change? A randomized controlled trial comparing brief cognitive and mindfulness interventions for depression. research : journal of the Society for Research, 1-17. doi:10.1080/10503307.2019.1685138",False
"Hoifodt, 2013","Hoifodt, 2013","Hoifodt, R. S., Lillevoll, K. R., Griffiths, K. M., Wilsgaard, T., Eisemann, M., Waterloo, K., & Kolstrup, N. (2013). The clinical effectiveness of web-based cognitive behavioral therapy with face-to-face therapist support for depressed primary care patients: randomized controlled trial. J Med Internet Res, 15(8), e153. doi:10.2196/jmir.2714",False
"Holden, 1989","Holden, 1989","Holden JM, Sagovsky R, Cox JL. Counselling in a general practice setting: Controlled study of heath visitor intervention in treatment of postnatal depression. British Medical Journal. 1989;298(6668):223-6.",False
"Honey, 2002","Honey, 2002","Honey KL, Bennett P, Morgan M. A brief psycho‐educational group intervention for postnatal depression. British Journal of Clinical Psychology. 2002;41(4):405-9.",False
"Hopko, 2011","Hopko, 2011","Hopko DR, Armento ME, Robertson SM, Ryba MM, Carvalho JP, Colman LK, et al. Brief behavioral activation and problem-solving therapy for depressed breast cancer patients: Randomized trial. Journal of Consulting and Clinical Psychology. 2011;79(6):834-49.",False
"Horrell, 2014","Horrell, 2014","Horrell L, Goldsmith KA, Tylee AT, Schmidt UH, Murphy CL, Bonin E-M, et al. One-day cognitive–behavioural therapy self-confidence workshops for people with depression: Randomised controlled trial. The British Journal of Psychiatry. 2014;204(3):222-33.",False
"Hou, 2014","Hou, 2014","Hou Y, Hu P, Zhang Y, Lu Q, Wang D, Yin L, et al. Cognitive behavioral therapy in combination with systemic family therapy improves mild to moderate postpartum depression. Revista Brasileira de Psiquiatria. 2014;36(1):47-52.",False
"Huang, 2016","Huang, 2016","Huang, C.-Y., Lai, H.-L., Chen, C.-I., Lu, Y.-C., Li, S.-C., Wang, L.-W., & Su, Y. (2016). Effects of motivational enhancement therapy plus cognitive behaviour therapy on depressive symptoms and health-related quality of life in adults with type II diabetes mellitus: A randomised controlled trial. Quality of Life Research: An International Journal of Quality of Life Aspects of Treatment, Care & Rehabilitation, 25(5), 1275-1283.",False
"Hum, 2019","Hum, 2019","Hum, K. M., Chan, C. J., Gane, J., Conway, L., McAndrews, M. P., & Smith, M. L. (2019). Do distance-delivery group interventions improve depression in people with epilepsy? Epilepsy & Behavior, 98, 153‐160. doi:10.1016/j.yebeh.2019.06.037",False
"Hummel, 2017","Hummel, 2017","Hummel, J., Weisbrod, C., Boesch, L., Himpler, K., Hauer, K., Hautzinger, M., . . . Kopf, D. (2017). AIDE–Acute Illness and Depression in Elderly Patients. Cognitive Behavioral Group Psychotherapy in Geriatric Patients With Comorbid Depression: A Randomized, Controlled Trial. Journal of the american medical directors association, 18(4), 341-349.",False
"Hunter, 2012 I","Hunter, 2012 I","Hunter SB, Watkins KE, Hepner KA, Paddock SM, Ewing BA, Osilla KC, et al. Treating depression and substance use: A randomized controlled trial. Journal of substance abuse treatment. 2012;43(2):137-51.",False
"Husain, 2017","Husain, 2017","Husain, N., Zulqernain, F., Carter, L.-A., Chaudhry, I., Fatima, B., Kiran, T., . . . Rahman, A. (2017). Treatment of maternal depression in urban slums of Karachi, Pakistan: a randomized controlled trial (RCT) of an integrated maternal psychological and early child development intervention. Asian journal of psychiatry, 29, 63-70.",False
"Jarrett, 1999","Jarett, 1999","Jarrett RB, Schaffer M, McIntire D, Witt-Browder A, Kraft D, Risser RC. Treatment of atypical depression with cognitive therapy or phenelzine: A double-blind, placebo-controlled trial. Archives of General Psychiatry. 1999;56(5):431-7.",False
"Jesse, 2015","Jesse, 2015","Jesse DE, Gaynes BN, Feldhousen EB, Newton ER, Bunch S, Hollon SD. Performance of a culturally tailored cognitive-behavioral intervention integrated in a public health setting to reduce risk of antepartum depression: A randomized controlled trial. Journal of Midwifery and Women's Health. 2015;60(5):578-92.",False
"Johansson, 2012 - I","Johansson, 2012 - I","Johansson R, Ekbladh S, Hebert A, Lindström M, Möller S, Petitt E, et al. Psychodynamic guided self-help for adult depression through the internet: A randomised controlled trial. PloS One. 2012;7(5):e38021.",False
"Johansson, 2019","Johansson, 2019","Johansson, O., Bjärehed, J., Andersson, G., Carlbring, P., & Lundh, L. G. (2019). Effectiveness of guided internet-delivered cognitive behavior therapy for depression in routine psychiatry: A randomized controlled trial. Internet Interventions, 17. doi:10.1016/j.invent.2019.100247",False
"Johnson, 2016","Johnson, 2016","Johnson, J. E., Price, A. B., Kao, J. C., Fernandes, K., Stout, R., Gobin, R. L., & Zlotnick, C. (2016). Interpersonal psychotherapy (IPT) for major depression following perinatal loss: a pilot randomized controlled trial. Archives of Women's Mental Health, 19(5), 845-859.",False
"Johnson, 2019","Johnson, 2019","Johnson, J. E., Stout, R. L., Miller, T. R., Zlotnick, C., Cerbo, L. A., Andrade, J. T., . . . Wiltsey-Stirman, S. (2019). Randomized cost-effectiveness trial of group interpersonal psychotherapy (IPT) for prisoners with major depression. Journal of consulting and clinical psychology, 87(4), 392-406. doi:10.1037/ccp0000379",False
"Joling, 2011","Joling, 2011","Joling KJ, Hout HP, van't Veer-Tazelaar PJ, Horst HE, Cuijpers P, Ven PM, et al. How effective is bibliotherapy for very old adults with subthreshold depression? A randomized controlled trial. American Journal of Geriatric Psychiatry. 2011;19(3):256-65.",False
"Jordans, 2019","Jordans, 2019","Jordans, M. J. D., Luitel, N. P., Garman, E., Kohrt, B. A., Rathod, S. D., Shrestha, P., . . . Patel, V. (2019). Effectiveness of psychological treatments for depression and alcohol use disorder delivered by community-based counsellors: Two pragmatic randomised controlled trials within primary healthcare in Nepal. British Journal of Psychiatry, 215(2), 485-493. doi:10.1192/bjp.2018.300",False
"Kamga, 2017","Kamga, 2017","Kamga, H., McCusker, J., Yaffe, M., Sewitch, M., Sussman, T., Strumpf, E., . . . Freeman, E. (2017). Self-care tools to treat depressive symptoms in patients with age-related eye disease: a randomized controlled clinical trial. Clinical & experimental ophthalmology, 45(4), 371-378.",False
"Kay-Lambkin, 2011","Kay-Lambkin, 2011","Kay-Lambkin FJ, Baker AL, Kelly B, Lewin TJ. Clinician-assisted computerised versus therapist-delivered treatment for depressive and addictive disorders: A randomised controlled trial. The Medical journal of Australia. 2011;195(3):S44-50.",False
"Kelly, 1993","Kelly, 1993","Kelly JA, Murphy DA, Bahr GR, Kalichman SC, Morgan MG, Stevenson LY, et al. Outcome of cognitive-behavioral and support group brief therapies for depressed, HIV-infected persons. American Journal of Psychiatry. 1993;150(11):1679-86.",False
"Kenter, 2016","Kenter, 2016","Kenter, R. M. F., Cuijpers, P., Beekman, A., & van Straten, A. (2016). Effectiveness of a Web-based guided self-help intervention for outpatients with a depressive disorder: Short-term results from a randomized controlled trial. Journal of medical Internet research, 18(3).",False
"Kessler, 2009","Kessler, 2009","Kessler D, Lewis G, Kaur S, Wiles N, King M, Weich S, et al. Therapist-delivered Internet psychotherapy for depression in primary care: A randomised controlled trial. Lancet. 2009;374(9690):628-34.",False
"Kim, 2018","Kim, 2018","Kim YH, Choi KS, Han K, Kim HW. A psychological intervention programme for patients with breast cancer under chemotherapy and at a high risk of depression: a randomised clinical trial. Journal of clinical nursing 2018; 27(3‐4): 572‐81.",False
"King, 2000","King, 2000","King M, Sibbald B, Ward E, Bower P, Lloyd M, Gabbay M, et al. Randomised controlled trial of non-directive counselling, cognitive-behaviour therapy and usual general practitioner care in the management of depression as well as mixed anxiety and depression in primary care. Health Technology Assessment. 2000;4(19):1-83.",False
"Kiosses, 2010","Kiosses, 2010","Kiosses DN, Arean PA, Teri L, Alexopoulos GS. Home-delivered problem adaptation therapy (PATH) for depressed, cognitively impaired, disabled elders: A preliminary study. The American Journal of Geriatric Psychiatry. 2010;18(11):988-98.",False
"Kiosses, 2015","Kiosses, 2015","Kiosses DN, Ravdin LD, Gross JJ, Raue P, Kotbi N, Alexopoulos GS. Problem adaptation therapy for older adults with major depression and cognitive impairment: A randomized clinical trial. JAMA psychiatry. 2015;72(1):22-30.",False
"Kivi, 2014","Kivi, 2014","Kivi M, Eriksson MCM, Hange D, Petersson E-L, Vernmark K, Johansson B, et al. Internet-based therapy for mild to moderate depression in Swedish primary care: Short term results from the PRIM-NET randomized controlled trial. Cognitive Behaviour Therapy. 2014;43(4):289-98.",False
"Kleiboer, 2015","Kleiboer, 2015","Kleiboer A, Donker T, Seekles W, van Straten A, Riper H, Cuijpers P. A randomized controlled trial on the role of support in Internet-based problem solving therapy for depression and anxiety. Behaviour Research and Therapy. 2015;72:63-71.",False
"Korte, 2012","Korte, 2012","Korte J, Bohlmeijer ET, Cappeliez P, Smit F, Westerhof GJ. Life review therapy for older adults with moderate depressive symptomatology: A pragmatic randomized controlled trial. Psychological Medicine. 2012;42(6):1163-73.",False
"Koszycki, 2012","Koszycki, 2012","Koszycki D, Bisserbe J-C, Blier P, Bradwejn J, Markowitz J. Interpersonal psychotherapy versus brief supportive therapy for depressed infertile women: First pilot randomized controlled trial. Archives of Women's Mental Health. 2012;15(3):193-201.",False
"L, 2019","Lök, 2019","Lök, N., Bademli, K., & Selçuk-Tosun, A. (2019). The effect of reminiscence therapy on cognitive functions, depression, and quality of life in Alzheimer patients: randomized controlled trial. International Journal of Geriatric Psychiatry, 34(1), 47‐53. doi:10.1002/gps.4980",False
"Laidlaw, 2008","Laidlaw, 2008","Laidlaw K, Davidson K, Toner H, Jackson G, Clark S, Law J, et al. A randomised controlled trial of cognitive behaviour therapy vs treatment as usual in the treatment of mild to moderate late life depression. International Journal of Geriatric Psychiatry. 2008;23(8):843-50.",False
"Lamers, 2010","Lamers, 2010","Lamers F, Jonkers CC, Bosma H, Kempen GI, Meijer JA, Penninx BW, et al. A minimal psychological intervention in chronically ill elderly patients with depression: A randomized trial. Psychotherapy and Psychosomatics. 2010;79(4):217-26.",False
"Lamers, 2015","Lamers, 2015","Lamers SMA, Bohlmeijer ET, Korte J, Westerhof GJ. The efficacy of life-review as online-guided self-help for adults: A randomized trial. The Journals of Gerontology: Series B: Psychological Sciences and Social Sciences 2015; 70B(1): 24-34.",False
"Landreville, 1997","Landreville, 1997","Landreville P, Bissonnette L. Effects of cognitive bibliotherapy for depressed older adults with a disability. Clinical Gerontologist. 1997;17(4):35-55.",False
"Lappalainen, 2015","Lappalainen, 2015","Lappalainen P, Langrial S, Oinas-Kukkonen H, Tolvanen A, Lappalainen R. Web-based acceptance and commitment therapy for depressive symptoms with minimal support: A randomized controlled trial. Behavior modification. 2015;39(6):805-34.",False
"Larcombe, 1984","Larcombe, 1984","Larcombe NA, Wilson PH. An evaluation of cognitive-behaviour therapy for depression in patients with multiple sclerosis. The British Journal of Psychiatry. 1984;145:366-71.",False
"Lemmens, 2015","Lemmens, 2015","Lemmens LHJM, Arntz A, Peeters F, Hollon SD, Roefs A, Huibers MJH. Clinical effectiveness of cognitive therapy v. interpersonal psychotherapy for depression: Results of a randomized controlled trial. Psychological Medicine. 2015;45(10):2095-110.",False
"Lenze, 2017","Lenze, 2017","Lenze, S., & Potts, M. (2017). Brief Interpersonal Psychotherapy for depression during pregnancy in a low-income population: a randomized controlled trial. Journal of Affective Disorders, 210, 151-157.",False
"Lerner, 2015","Lerner, 2015","Lerner D, Adler DA, Rogers WH, Chang H, Greenhill A, Cymerman E, et al. A randomized clinical trial of a telephone depression intervention to reduce employee presenteeism and absenteeism. Psychiatric Services. 2015;66(6):570-7.",False
"Leuzinger-Bohleber, 2019","Leuzinger-Bohleber, 2019","Leuzinger-Bohleber, M., Hautzinger, M., Fiedler, G., Keller, W., Bahrke, U., Kallenbach, L., . . . Beutel, M. (2019). Outcome of Psychoanalytic and Cognitive-Behavioural Long-Term Therapy with Chronically Depressed Patients: A Controlled Trial with Preferential and Randomized Allocation. Canadian Journal of Psychiatry, 64(1), 47-58. doi:10.1177/0706743718780340",False
"Lexis, 2011","Lexis, 2011","Lexis MA, Jansen NW, Huibers MJ, Amelsvoort LG, Berkouwer A, Tjin ATG, et al. Prevention of long-term sickness absence and major depression in high-risk employees: A randomised controlled trial. Occupational and Environmental Medicine. 2011;68(6):400-7.",False
"Liu, 2009","Liu, 2009","Liu ET-H, Chen W-L, Li Y-H, Wang CH, Mok TJ, Huang HS. Exploring the efficacy of cognitive bibliotherapy and a potential mechanism of change in the treatment of depressive symptoms among the Chinese: A randomized controlled trial. Cognitive Therapy and Research. 2009;33(5):449-61.",False
"Losada, 2015","Losada, 2015","Losada A, Márquez-González M, Romero-Moreno R, Mausbach BT, López J, Fernández-Fernández V, et al. Cognitive–behavioral therapy (CBT) versus acceptance and commitment therapy (ACT) for dementia family caregivers with significant depressive symptoms: Results of a randomized clinical trial. Journal of Consulting and Clinical Psychology. 2015;83(4):760-72.",False
"Lovell, 2008","Lovell, 2008","Lovell K, Bower P, Richards D, Barkham Mi, Sibbald B, Roberts C, et al. Developing guided self-help for depression using the medical research council complex interventions framework: A description of the modelling phase and results of an exploratory randomised controlled trial. BMC psychiatry. 2008;8.",False
"Lustman, 1998","Lustman, 1998","Lustman PJ, Griffith LS, Freedland KE, Kissel SS, Clouse RE. Cognitive behavior therapy for depression in type 2 diabetes mellitus. A randomized, controlled trial. Annals of Internal Medicine. 1998;129(8):613-21.",False
"Luty, 2007","Luty, 2007","Luty SE, Carter JD, McKenzie JM, Rae AM, Frampton CM, Mulder RT, et al. Randomised controlled trial of interpersonal psychotherapy and cognitive-behavioural therapy for depression. The British Journal of Psychiatry. 2007;190:496-502.",False
"Ly, 2014","Ly, 2014","Ly KH, Truschel A, Jarl L, Magnusson S, Windahl T, Johansson R, et al. Behavioural activation versus mindfulness-based guided self-help treatment administered through a smartphone application: A randomised controlled trial. BMJ Open. 2014;4(1):e003440.",False
"Lynch, 1997","Lynch, 1997","Lynch DJ, Tamburrino MB, Nagel R. Telephone counseling for patients with minor depression: Preliminary findings in a family practice setting. The Journal of family practice. 1997;44(3):293-8.",False
"Lynch, 2004","Lynch, 2004","Lynch D, Tamburrino M, Nagel R, Smith MK. Telephone-based treatment for family practice patients with mild depression. Psychological reports. 2004;94(3 Pt 1):785-92.",False
"MacPherson, 2013","MacPherson, 2013","MacPherson H, Richmond S, Bland M, Brealey S, Gabe R, Hopton A, et al. Acupuncture and counselling for depression in primary care: A randomised controlled trial. PLoS medicine. 2013;10(9):e1001518.",False
"Maina, 2005","Maina, 2005","Maina G, Forner F, Bogetto F. Randomized controlled trial comparing brief dynamic and supportive therapy with waiting list condition in minor depressive disorders. Psychotherapy and Psychosomatics. 2005;74(1):43-50.",False
"Maldonado, 1982","Maldonado, 1982",Maldonado López A. Terapia de conducta y depresión: Un análisis experimental de los modelos conductual y cognitivo. Revista de Psicologia General y Aplicada. 1982.,False
"Malouff, 1988","Malouff, 1988","Malouff JM, Lanyon RI, Schutte NS. Effectiveness of a brief group RET treatment for divorce-related dysphoria. Journal of Rational-Emotive and Cognitive-Behavior Therapy. 1988;6(3):162-71.",False
"Manicavasgar, 2011","Manicavasgar, 2011","Manicavasgar V, Parker G, Perich T. Mindfulness-based cognitive therapy vs cognitive behaviour therapy as a treatment for non-melancholic depression. Journal of Affective Disorders. 2011;130(1):138-44.",False
"Markowitz, 1998","Markowitz, 1998","Markowitz JC, Kocsis JH, Fishman B, Spielman LA, Jacobsberg LB, Frances AJ, et al. Treatment of depressive symptoms in human immunodeficiency virus-positive patients. Archives of General Psychiatry. 1998;55(5):452-7.",False
"Markowitz, 2005","Markowitz, 2005","Markowitz JC, Kocsis JH, Bleiberg KL, Christos PJ, Sacks M. A comparative trial of psychotherapy and pharmacotherapy for ""pure"" dysthymic patients. Journal of Affective Disorders. 2005;89(1-3):167-75.",False
"Markowitz, 2008","Markowitz, 2008","Markowitz JC, Kocsis JH, Christos P, Bleiberg K, Carlin A. Pilot study of interpersonal psychotherapy versus supportive psychotherapy for dysthymic patients with secondary alcohol abuse or dependence. Journal of Nervous and Mental Disease. 2008;196(6):468-74.",False
"Martin, 2015","Martin, 2015","Martin PR, Aiello R, Gilson K, Meadows G, Milgrom J, Reece J. Cognitive behavior therapy for comorbid migraine and/or tension-type headache and major depressive disorder: An exploratory randomized controlled trial. Behaviour Research and Therapy. 2015;73:8-18.",False
"Matsuzaka, 2017","Matsuzaka, 2017","Matsuzaka, C., Wainberg, M., Norcini, P. A., Hoffmann, E., Coimbra, B., Braga, R., . . . Mello, M. (2017). Task shifting interpersonal counseling for depression: a pragmatic randomized controlled trial in primary care. BMC Psychiatry, 17(1)",False
"McClay, 2015","McClay, 2015","McClay CA, Collins K, Matthews L, Haig C, McConnachie A, Morrison J, et al. A community-based pilot randomised controlled study of life skills classes for individuals with low mood and depression. BMC psychiatry. 2015;15:17.",False
"McIndoo, 2016","McIndoo, 2016","McIndoo CC, File AA, Preddy T, Clark CG, Hopko DR. Mindfulness-based therapy and behavioral activation: A randomized controlled trial with depressed college students. Behaviour Research and Therapy. 2016;77:118-28.",False
"McKee, 2006","McKee, 2006","McKee MD, Zayas LH, Fletcher J, Boyd RC, Nam SH. Results of an intervention to reduce perinatal depression among low-income minority women in community primary care. Journal of Social Service Research. 2006;32(4):63-81.",False
"McLean, 1979","McLean, 1979","McLean PD, Hakstian AR. Clinical depression: Comparative efficacy of outpatient treatments. Journal of Consulting and Clinical Psychology. 1979;47(5):818-36.",False
"Michalak, 2015","Michalak, 2015","Michalak J, Schultze M, Heidenreich T, Schramm E. A randomized controlled trial on the efficacy of mindfulness-based cognitive therapy and a group version of cognitive behavioral analysis system of psychotherapy for chronically depressed patients. Journal of Consulting and Clinical Psychology. 2015;83(5):951-63.",False
"Milgrom, 2005","Milgrom, 2005","Milgrom J, Negri LM, Gemmill AW, McNeil M, Martin PR. A randomized controlled trial of psychological interventions for postnatal depression. British Journal of Clinical Psychology. 2005;44(4):529-42.",False
"Milgrom, 2011","Milgrom, 2011","Milgrom J, Holt CJ, Gemmill AW, Ericksen J, Leigh B, Buist A, et al. Treating postnatal depressive symptoms in primary care: A randomised controlled trial of GP management, with and without adjunctive counselling. BMC psychiatry. 2011;11:95.",False
"Milgrom, 2015 II","Milgrom, 2015 II","Milgrom J, Holt C, Holt CJ, Ross J, Ericksen J, Gemmill AW. Feasibility study and pilot randomised trial of an antenatal depression treatment with infant follow-up. Archives of Women's Mental Health. 2015;18(5):717-30.",False
"Milgrom, 2016","Milgrom, 2016","Milgrom J, Danaher BG, Gemmill AW, Holt C, Holt CJ, Seeley JR, et al. Internet cognitive behavioral therapy for women with postnatal depression: A randomized controlled trial of MumMoodBooster. Journal of Medical Internet Research. 2016;18(3):e54.",False
"Miller, 2002","Miller, 2002","Miller L, Weissman M. Interpersonal psychotherapy delivered over the telephone to recurrent depressives. A pilot study. Depression and anxiety. 2002;16(3):114-7.",False
"Mohr, 2000","Mohr, 2000","Mohr DC, Likosky W, Bertagnolli A, Goodkin DE, Van Der Wende J, Dwyer P, et al. Telephone-administered cognitive-behavioral therapy for the treatment of depressive symptoms in multiple sclerosis. Journal of Consulting and Clinical Psychology. 2000;68(2):356-61.",False
"Mohr, 2001","Mohr, 2001","Mohr DC, Boudewyn AC, Goodkin DE, Bostrom A, Epstein L. Comparative outcomes for individual cognitive-behavior therapy, supportive-expressive group psychotherapy, and sertraline for the treatment of depression in multiple sclerosis. Journal of Consulting and Clinical Psychology. 2001;69(6):942-9.",False
"Mohr, 2005","Mohr, 2005","Mohr DC, Hart SL, Julian L, Catledge C, Honos-Webb L, Vella L, et al. Telephone-administered psychotherapy for depression. Archives of General Psychiatry. 2005;62(9):1007-14.",False
"Mohr, 2013","Mohr, 2013","Mohr DC, Duffecy J, Ho J, Kwasny M, Cai X, Burns MN, et al. A randomized controlled trial evaluating a manualized TeleCoaching protocol for improving adherence to a web-based intervention for the treatment of depression. PLoS One. 2013;8(8):e70086.",False
"Montero-Mar, 2016","Montero-Marín, 2016","Montero-Marín, J., Araya, R., Pérez-Yus, M. C., Mayoral, F., Gili, M., Botella, C., . . . López-Del-Hoyo, Y. (2016). An internet-based intervention for depression in primary Care in Spain: a randomized controlled trial. Journal of medical Internet research, 18(8), e231.",False
"Mossey, 1996","Mossey, 1996","Mossey JM, Knott KA, Higgins M, Talerico K. Effectiveness of a psychosocial intervention, interpersonal counseling, for subdysthymic depression in medically ill elderly. The journals of gerontology Series A, Biological sciences and medical sciences. 1996;51(4):M172-8.",False
"Mukhtar, 2011","Mukhtar, 2011",Mukhtar F. Predictors of group cognitive behaviour therapy outcomes for the treatment of depression in Malaysia. Asian Journal of Psychiatry. 2011;4(2):125-8.,False
"Mulcahy, 2010","Mulcahy, 2010","Mulcahy R, Reay RE, Wilkinson RB, Owen C. A randomised control trial for the effectiveness of group interpersonal psychotherapy for postnatal depression. Archives of Women's Mental Health. 2010;13(2):125-39.",False
"Naeem, 2013","Naeem, 2013","Naeem F, Sarhandi I, Gul M, Khalid M, Aslam M, Anbrin A. A multicentre randomised controlled trial of a carer supervised culturally adapted cbt (cacbt) based self-help for depression in pakistan. Journal of Affective Disorders. 2013;156:224-7.",False
"Nakagawa, 2017","Nakagawa, 2017","Nakagawa, A., Mitsuda, D., Sado, M., Abe, T., Fujisawa, D., Kikuchi, T., . . . Ono, Y. (2017). Effectiveness of supplementary cognitive-behavioral therapy for pharmacotherapy-resistant depression: A randomized controlled trial. Journal of clinical psychiatry, 78(8), 1126-1135",False
"Nasrin, 2017","Nasrin, 2017","Nasrin, F., Rimes, K., Reinecke, A., Rinck, M., & Barnhofer, T. (2017). Effects of Brief Behavioural Activation on Approach and Avoidance Tendencies in Acute Depression: preliminary Findings. Behavioural and Cognitive Psychotherapy, 45(1), 58-72.",False
"Neugebauer, 2006","Neugebauer, 2006","Neugebauer R, Kline J, Markowitz JC, Bleiberg KL, Baxi L, Rosing MA, et al. Pilot randomized controlled trial of interpersonal counseling for subsyndromal depression following miscarriage. Journal of Clinical Psychiatry. 2006;67(8):1299-304.",False
"Newby, 2014","Newby, 2014","Newby JM, Lang T, Werner-Seidler A, Holmes E, Moulds ML. Alleviating distressing intrusive memories in depression: A comparison between computerised cognitive bias modification and cognitive behavioural education. Behaviour Research and Therapy. 2014;56:60-7.",False
"Newby, 2017","Newby, 2017","Newby, J., Robins, L., Wilhelm, K., Smith, J., Fletcher, T., Gillis, I., . . . Andrews, G. (2017). Web-Based Cognitive Behavior Therapy for Depression in People With Diabetes Mellitus: a Randomized Controlled Trial. Journal of medical Internet research, 19(5), e157.",False
"Nezu, 1986","Nezu, 1986",Nezu AM. Efficacy of a social problem-solving therapy approach for unipolar depression. Journal of Consulting and Clinical Psychology. 1986;54(2):196-202.,False
"Ng, 2013","Ng, 2013","Ng SE, Tien A, Thayala JN, Ho RC, Chan MF. The effect of life story review on depression of older community-dwelling Chinese adults in Singapore: A preliminary result. International Journal of Geriatric Psychiatry. 2013;28(3):328-30.",False
"Ngai, 2015","Ngai, 2015","Ngai FW, Wong P-C, Leung KY, Chau PH, Chung KF. The effect of telephone-based cognitive-behavioral therapy on postnatal depression: A randomized controlled trial. Psychotherapy and Psychosomatics. 2015;84(5):294-303.",False
"Nollett, 2016","Nollett, 2016","Nollett CL, Bray N, Bunce C, Casten RJ, Edwards RT, Hegel MT, et al. Depression in Visual Impairment Trial (DEPVIT): A randomized clinical trial of depression treatments in people with low vision. Investigative Ophthalmology and Visual Science. 2016;57(10):4247-54.",False
"Nystr, 2017","Nyström, 2017","Nyström, M., Stenling, A., Sjöström, E., Neely, G., Lindner, P., HassmÈn, P., . . . Carlbring, P. (2017). Behavioral activation versus physical activity via the internet: a randomized controlled trial. Journal of Affective Disorders, 215, 85-93.",False
"O'Hara, 2000","O'Hara, 2000","O'Hara MW, Stuart S, Gorman LL, Wenzel A. Efficacy of interpersonal psychotherapy for postpartum depression. Archives of General Psychiatry. 2000;57(11):1039-45.",False
"O'Mahen, 2013","O'Mahen, 2013","O'Mahen H, Himle JA, Fedock G, Henshaw E, Flynn H. A pilot randomized controlled trial of cognitive behavioral therapy for perinatal depression adapted for women with low incomes. Depression and anxiety. 2013;30(7):679-87.",False
"O'Neil, 2014","O'Neil, 2014","O'Neil A, Taylor B, Sanderson K, Cyril S, Chan B, Hawkes AL, et al. Efficacy and feasibility of a tele-health intervention for acute coronary syndrome patients with depression: Results of the ""MoodCare"" randomized controlled trial. Annals of Behavioral Medicine. 2014;48(2):163-74.",False
"Olukolade, 2017","Olukolade, 2017","Olukolade, O., & Osinowo, H. (2017). Efficacy of Cognitive Rehabilitation Therapy on Poststroke Depression among Survivors of First Stroke Attack in Ibadan, Nigeria. Behavioural Neurology, 2017",False
"Omidi, 2013","Omidi, 2013","Omidi A, Mohammadkhani P, Mohammadi A, Zargar F. Comparing mindfulness based cognitive therapy and traditional cognitive behavior therapy with treatments as usual on reduction of major depressive disorder symptoms. Iranian Red Crescent Medical Journal. 2013;15(2):142-6.",False
"Onuigbo, 2019","Onuigbo, 2019","Onuigbo, L. N., Eseadi, C., Ebifa, S., Ugwu, U. C., Onyishi, C. N., & Oyeoku, E. K. (2019). Effect of rational emotive behavior therapy program on depressive symptoms among university students with blindness in Nigeria. Journal of Rational-Emotive & Cognitive-Behavior Therapy, 37(1), 17-38. doi:10.1007/s10942-018-0297-3",False
"Pace, 1993","Pace, 1993","Pace TM, Dixon DN. Changes in depressive self-schemata and depressive symptoms following cognitive therapy. Journal of Counseling Psychology. 1993;40(3):288.",False
"Padfield, 1976","Padfield, 1976",Padfield M. The comparative effects of two counseling approaches on the intensity of depression among rural women of low socioeconomic status. Journal of Counseling Psychology. 1976;23(3):209.,False
"Pecheur, 1984","Pecheur, 1984","Pecheur DR, Edwards KJ. A comparison of secular and religious versions of cognitive therapy with depressed Christian college students. Journal of Psychology and Theology. 1984.",False
"Peden, 2000","Peden, 2000","Peden AR, Hall LA, Rayens MK, Beebe LL. Reducing negative thinking and depressive symptoms in college women. Journal of Nursing Scholarship. 2000;32(2):145-51.",False
"Penckofer, 2012","Penckofer, 2012","Penckofer SM, Ferrans C, Mumby P, Byrn M, Emanuele MA, Harrison PR, et al. A psychoeducational intervention (SWEEP) for depressed women with diabetes. Annals of Behavioral Medicine. 2012;44(2):192-206.",False
"Perini, 2009","Perini, 2009","Perini S, Titov N, Andrews G. Clinician-assisted Internet-based treatment is effective for depression: Randomized controlled trial. Australian and New Zealand Journal of Psychiatry. 2009;43(6):571-8.",False
"Petersen, 2014","Petersen, 2014","Petersen I, Hanass Hancock J, Bhana A, Govender K. A group-based counselling intervention for depression comorbid with HIV/AIDS using a task shifting approach in South Africa: A randomized controlled pilot study. Journal of Affective Disorders. 2014;158:78-84.",False
"Pibernik-Okanovi, 2015","Pibernik, 2015","Pibernik-Okanović M, Hermanns N, Ajduković D, Kos J, Prašek M, Šekerija M, Lovrenčić MV. Does treatment of subsyndromal depression improve depression-related and diabetes-related outcomes? A randomised controlled comparison of psychoeducation, physical exercise and enhanced treatment as usual. Trials. 2015 Jul 15;16:305.",False
"Poleshuck, 2014","Poleshuck, 2014","Poleshuck EL, Gamble SA, Bellenger K, Lu N, Tu X, Sorensen S, et al. Randomized controlled trial of interpersonal psychotherapy versus enhanced treatment as usual for women with co-occurring depression and pelvic pain. Journal of psychosomatic research. 2014;77(4):264-72.",False
"Pots, 2014","Pots, 2014","Pots WTM, Meulenbeek PAM, Veehof MM, Klungers J, Bohlmeijer ET. The efficacy of mindfulness-based cognitive therapy as a public mental health intervention for adults with mild to moderate depressive symptomatology: A randomized controlled trial. PLoS One. 2014;9(10).",False
"Pots, 2016","Pots, 2016","Pots WT, Fledderus M, Meulenbeek PA, ten Klooster PM, Schreurs KM, Bohlmeijer ET. Acceptance and commitment therapy as a web-based intervention for depressive symptoms: Randomised controlled trial. The British Journal of Psychiatry. 2016;208(1):69-77.",False
"Power, 2012","Power, 2012","Power MJ, Freeman C. A randomized controlled trial of IPT versus CBT in primary care: With some cautionary notes about handling missing values in clinical trials. Clinical Psychology and Psychotherapy. 2012;19(2):159-69.",False
"Preschl, 2012","Preschl, 2012","Preschl B, Maercker A, Wagner B, Forstmeier S, Banos RM, Alcaniz M, et al. Life-review therapy with computer supplements for depression in the elderly: A randomized controlled trial. Aging and Mental Health. 2012;16(8):964-74.",False
"Propst, 1992","Propst, 1992","Propst LR, Ostrom R, Watkins P, Dean T, Mashburn D. Comparative efficacy of religious and nonreligious cognitive-behavioral therapy for the treatment of clinical depression in religious individuals. Journal of Consulting and Clinical Psychology. 1992;60(1):94-103.",False
"Pugh, 2016","Pugh, 2016","Pugh, N. E., Hadjistavropoulos, H. D., & Dirkse, D. (2016). A Randomised Controlled Trial of Therapist-Assisted, Internet-Delivered Cognitive Behavior Therapy for Women with Maternal Depression. PLoS ONE, 11(3), e0149186.",False
"Qiu, 2013","Qiu, 2013","Qiu J, Chen W, Gao X, Xu Y, Tong H, Yang M, et al. A randomized controlled trial of group cognitive behavioral therapy for Chinese breast cancer patients with major depression. Journal of psychosomatic obstetrics and gynaecology. 2013;34(2):60-7.",False
"Ransom, 2008","Ransom, 2008","Ransom D, Heckman TG, Anderson T, Garske J, Holroyd K, Basta T. Telephone-delivered, interpersonal psychotherapy for HIV-infected rural persons with depression: A pilot trial. Psychiatric Services. 2008;59(8):871-7.",False
"Raue, 2019","Raue, 2019","Raue, P. J., Sirey, J. A., Dawson, A., Berman, J., & Bruce, M. L. (2019). Lay-delivered behavioral activation for depressed senior center clients: Pilot RCT. International journal of geriatric psychiatry, 34(11), 1715-1723. doi:10.1002/gps.5186",False
"Richards, 2015","Richards, 2015","Richards D, Timulak L, O'Brien E, Hayes C, Vigano N, Sharry J, et al. A randomized controlled trial of an internet-delivered treatment: Its potential as a low-intensity community intervention for adults with symptoms of depression. Behaviour Research and Therapy. 2015;75:20-31.",False
"Richards, 2016","Richards, 2016","Richards, D. A., Ekers, D., McMillan, D., Taylor, R. S., Byford, S., Warren, F. C., . . . Finning, K. (2016). Cost and Outcome of Behavioural Activation versus Cognitive Behavioural Therapy for Depression (COBRA): a randomised, controlled, non-inferiority trial.",False
"Richards, 2018","Richards, 2018","Richards SH, Dickens C, Anderson R, et al. Assessing the effectiveness of Enhanced Psychological Care for patients with depressive symptoms attending cardiac rehabilitation compared with treatment as usual (CADENCE): a pilot cluster randomised controlled trial. Trials 2018; 19(1).",False
"Rief, 2018","Rief, 2018","Rief W, Bleichhardt G, Dannehl K, Euteneuer F, Wambach K. Comparing the Efficacy of CBASP with Two Versions of CBT for Depression in a Routine Care Center: a Randomized Clinical Trial. Psychotherapy and psychosomatics 2018;",False
"Rizvi, 2015","Rizvi, 2015","Rizvi SJ, Zaretsky A, Schaffer A, Levitt A. Is immediate adjunctive CBT more beneficial than delayed CBT in treating depression?: A Pilot Study. Journal of Psychiatric Practice. 2015;21(2):107-13.",False
"Rohan, 2007","Rohan, 2007","Rohan KJ, Roecklein KA, Lindsey KT, Johnson LG, Lippy RD, Lacy TJ, et al. A randomized controlled trial of cognitive-behavioral therapy, light therapy, and their combination for seasonal affective disorder. Journal of Consulting and Clinical Psychology. 2007;75(3):489-500.",False
"Ross, 1985","Ross, 1985","Ross M, Scott M. An evaluation of the effectiveness of individual and group cognitive therapy in the treatment of depressed patients in an inner city health centre. The Journal of the Royal College of General Practitioners. 1985;35(274):239-42.",False
"Rosso, 2013","Rosso, 2013","Rosso G, Martini B, Maina G. Brief dynamic therapy and depression severity: A single-blind, randomized study. Journal of Affective Disorders. 2013;147(1-3):101-6.",False
"Russell, 2019","Russell, 2019","Russell, A., Gaunt, D. M., Cooper, K., Barton, S., Horwood, J., Kessler, D., . . . et al. (2019). The feasibility of low-intensity psychological therapy for depression co-occurring with autism in adults: the Autism Depression Trial (ADEPT) â€“ a pilot randomised controlled trial. Autism. doi:10.1177/1362361319889272",False
"Ruwaard, 2009","Ruwaard, 2009","Ruwaard J, Schrieken B, Schrijver M, Broeksteeg J, Dekker J, Vermeulen H, et al. Standardized web-based cognitive behavioural therapy of mild to moderate depression: A randomized controlled trial with a long-term follow-up. Cognitive Behaviour Therapy. 2009;38(4):206-21.",False
"Safren, 2009","Safren, 2009","Safren SA, O'Cleirigh C, Tan JY, Raminani SR, Reilly LC, Otto MW, et al. A randomized controlled trial of cognitive behavioral therapy for adherence and depression (CBT-AD) in HIV-infected individuals. Health Psychology. 2009;28(1):1-10.",False
"Safren, 2014","Safren, 2014","Safren SA, Gonzalez JS, Wexler DJ, Psaros C, Delahanty LM, Blashill AJ, et al. A randomized controlled trial of cognitive behavioral therapy for adherence and depression (CBT-AD) in patients with uncontrolled type 2 diabetes. Diabetes care. 2014;37(3):625-33.",False
"Safren, 2016","Safren, 2016","Safren SA, Bedoya CA, O'Cleirigh C, Biello KB, Pinkston MM, Stein MD, et al. Cognitive behavioural therapy for adherence and depression in patients with HIV: A three-arm randomised controlled trial. The Lancet HIV. 2016;3(11):e529-e38.",False
"Savard, 2006","Savard, 2006","Savard J, Simard S, Giguere I, Ivers H, Morin CM, Maunsell E, et al. Randomized clinical trial on cognitive therapy for depression in women with metastatic breast cancer: Psychological and immunological effects. Palliative and Supportive Care. 2006;4(3):219-37.",False
"Schulberg, 1996","Schulberg, 1996","Schulberg HC, Block MR, Madonia MJ, Scott CP, Rodriguez E, Imber SD, et al. Treating major depression in primary care practice. Eight-month clinical outcomes. Archives of General Psychiatry. 1996;53(10):913-9.",False
"Scogin, 1987","Scogin, 1987","Scogin F, Hamblin D, Beutler L. Bibliotherapy for depressed older adults: A self-help alternative. The Gerontologist. 1987;27(3):383-7.",False
"Scogin, 1989","Scogin, 1989","Scogin F, Jamison C, Gochneaur K. Comparative efficacy of cognitive and behavioral bibliotherapy for mildly and moderately depressed older adults. Journal of Consulting and Clinical Psychology. 1989;57(3):403-7.",False
"Scogin, 2018","Scogin, 2018","Scogin F, Lichstein K, DiNapoli EA, et al. Effects of integrated telehealth-delivered cognitive-behavioral therapy for depression and insomnia in rural older adults. Journal of psychotherapy integration 2018; 28(3): 292‐309.",False
"Scott, 1990","Scott, 1990","Scott MJ, Stradling SG. Group cognitive therapy for depression produces clinically significant reliable change in community-based settings. Behavioural Psychotherapy. 1990;18(01):1-19.",False
"Selmi, 1990","Selmi, 1990","Selmi PM, Klein MH, Greist JH, Sorrell SP, Erdman HP. Computer-administered cognitive-behavioral therapy for depression. American Journal of Psychiatry. 1990;147(1):51-6.",False
"Serfaty, 2009","Serfaty, 2009","Serfaty MA, Haworth D, Blanchard M, Buszewicz M, Murad S, King M. Clinical effectiveness of individual cognitive behavioral therapy for depressed older people in primary care: A randomized controlled trial. Archives of General Psychiatry. 2009;66(12):1332-40.",False
"Serfaty, 2019","Serfaty, 2019","Serfaty, M., King, M., Nazareth, I., Moorey, S., Aspden, T., Tookman, A., . . . Jones, L. (2019). Manualised cognitive and behavioural therapy in treating depression in advanced cancer: the CanTalk RCT. Health Technology Assessment, 23(19), 1‐106. doi:10.3310/hta23190",False
"Serrano, 2004","Serrano, 2004","Serrano JP, Latorre JM, Gatz M, Montanes J. Life review therapy using autobiographical retrieval practice for older adults with depressive symptomatology. Psychology and Aging. 2004;19(2):270-7.",False
"Serrano, 2012","Serrano Selva, 2012","Serrano Selva JP, Latorre Postigo JM, Ros Segura L, Navarro Bravo B, Aguilar Corcoles MJ, Nieto Lopez M, et al. Life review therapy using autobiographical retrieval practice for older adults with clinical depression. Psicothema. 2012;24(2):224-9.",False
"Shapiro, 1990","Shapiro, 1990","Shapiro DA, Barkham M, Hardy GE, Morrison LA. The Second Sheffield Psychotherapy Project: rationale, design and preliminary outcome data. The British journal of medical psychology. 1990;63(2):97-108.",False
"Shaw, 1977","Shaw, 1977",Shaw BF. Comparison of cognitive therapy and behavior therapy in the treatment of depression. Journal of Consulting and Clinical Psychology. 1977;45(4):543.,False
"Sheeber, 2012","Sheeber, 2012","Sheeber LB, Seeley JR, Feil EG, Davis B, Sorensen E, Kosty DB, et al. Development and pilot evaluation of an Internet-facilitated cognitive-behavioral intervention for maternal depression. Journal of Consulting and Clinical Psychology. 2012;80(5):739-49.",False
"Sikander, 2019","Sikander, 2019","Sikander, S., Ahmad, I., Atif, N., Zaidi, A., Vanobberghen, F., Weiss, H. A., . . . Rahman, A. (2019). Delivering the Thinking Healthy Programme for perinatal depression through volunteer peers: a cluster randomised controlled trial in Pakistan. The Lancet Psychiatry, 6(2), 128-139. doi:10.1016/S2215-0366(18)30467-X",False
"Simoni, 2013","Simoni, 2013","Simoni JM, Wiebe JS, Sauceda JA, Huh D, Sanchez G, Longoria V, et al. A preliminary RCT of CBT-AD for adherence and depression among HIV-positive Latinos on the U.S.-Mexico border: The Nuevo Dia study. AIDS and behavior. 2013;17(8):2816-29.",False
"Simpson, 2003","Simpson, 2003","Simpson S, Corney R, Beecham J. A randomized controlled trial to evaluate the effectiveness and cost-effectiveness of psychodynamic counselling for general practice patients with chronic depression. Psychological Medicine. 2003;33(2):229-39.",False
"Simson, 2008","Simson, 2008","Simson U, Nawarotzky U, Friese G, Porck W, Schottenfeld-Naor Y, Hahn S, et al. Psychotherapy intervention to reduce depressive symptoms in patients with diabetic foot syndrome. Diabetic Medicine. 2008;25(2):206-12.",False
"Sinniah, 2017","Sinniah, 2017","Sinniah, A., Oei, T., Maniam, T., & Subramaniam, P. (2017). Positive effects of Individual Cognitive Behavior Therapy for patients with unipolar mood disorders with suicidal ideation in Malaysia: a randomised controlled trial. Psychiatry research, 254, 179-189.",False
"Sloane, 1985","Sloane, 1985","Sloane R, Staples F, Schneider L. Interpersonal therapy versus nortriptyline for depression in the elderly. Clinical and Pharmacological Studies in Psychiatric Disorders. 1985:344-6.",False
"Smit, 2006","Smit, 2006","Smit A, Kluiter H, Conradi HJ, Meer K, Tiemens BG, Jenner JA, et al. Short-term effects of enhanced treatment for depression in primary care: Results from a randomized controlled trial. Psychological Medicine. 2006;36(1):15-26.",False
"Smith, 2017","Smith, 2017","Smith, J., Newby, J. M., Burston, N., Murphy, M. J., Michael, S., Mackenzie, A., . . . Andrews, G. (2017). Help from home for depression: A randomised controlled trial comparing internet-delivered cognitive behaviour therapy with bibliotherapy for depression. Internet Interventions, 9, 25-37.",False
"Soares, 2018","Soares, 2018","Soares MC, Mondin TC, Silva G, et al. Comparison of Clinical Significance of Cognitive-Behavioral Therapy and Psychodynamic Therapy for Major Depressive Disorder: a Randomized Clinical Trial. Journal of nervous and mental disease 2018; 206(9): 686‐93.",False
"Songprakun, 2012","Songprakun, 2012","Songprakun W, McCann TV. Evaluation of a cognitive behavioural self-help manual for reducing depression: A randomized controlled trial. Journal of psychiatric and mental health nursing. 2012;19(7):647-53.",False
"Spek, 2007","Spek, 2007","Spek V, Nyklicek I, Smits N, Cuijpers P, Riper H, Keyzer J, et al. Internet-based cognitive behavioural therapy for subthreshold depression in people over 50 years old: A randomized controlled clinical trial. Psychological Medicine. 2007;37(12):1797-806.",False
"Stiles-Shields, 2018","Stiles-Shields, 2018","Stiles-Shields C, Montague E, Kwasny MJ, Mohr DC. Behavioral and cognitive intervention strategies delivered via coached apps for depression: Pilot trial. Psychological Services 2018.",False
"Strauss, 2012","Strauss, 2012","Strauss C, Hayward M, Chadwick P. Group person-based cognitive therapy for chronic depression: A pilot randomized controlled trial. British Journal of Clinical Psychology. 2012;51(3):345-50.",False
"Strong, 2008","Strong, 2008","Strong V, Waters R, Hibberd C, Murray G, Wall L, Walker J, et al. Management of depression for people with cancer (SMaRT oncology 1): A randomised trial. Lancet. 2008;372(9632):40-8.",False
"Swartz, 2008","Swartz, 2008","Swartz HA, Frank E, Zuckoff A, Cyranowski JM, Houck PR, Cheng Y, et al. Brief interpersonal psychotherapy for depressed mothers whose children are receiving psychiatric treatment. American Journal of Psychiatry. 2008;165(9):1155-62.",False
"Takagaki, 2016","Takagaki, 2016","Takagaki K, Okamoto Y, Jinnin R, Mori A, Nishiyama Y, Yamamura T, et al. Behavioral activation for late adolescents with subthreshold depression: A randomized controlled trial. European Child and Adolescent Psychiatry. 2016;25(11):1171-82.",False
"Talbot, 2011","Talbot, 2011","Talbot NL, Chaudron LH, Ward EA, Duberstein PR, Conwell Y, O'Hara MW, et al. A randomized effectiveness trial of interpersonal psychotherapy for depressed women with sexual abuse histories. Psychiatric Services. 2011;62(4):374-80.",False
"Taylor, 1977","Taylor, 1977","Taylor FG, Marshall WL. Experimental analysis of a cognitive-behavioral therapy for depression. Cognitive Therapy and Research. 1977;1(1):59-72.",False
"Taylor, 2009","Taylor, 2009","Taylor CB, Conrad A, Wilhelm FH, Strachowski D, Khaylis A, Neri E, et al. Does improving mood in depressed patients alter factors that may affect cardiovascular disease risk? Journal of Psychiatric Research. 2009;43(16):1246-52.",False
"Teasdale, 1984","Teasdale, 1984","Teasdale JD, Fennell MJ, Hibbert GA, Amies PL. Cognitive therapy for major depressive disorder in primary care. The British Journal of Psychiatry. 1984;144:400-6.",False
"Teichman, 1995","Teichman, 1995","Teichman Y, Bar-el Z, Shor H, Sirota P, Elizur A. A comparison of two modalities of cognitive therapy (individual and marital) in treating depression. Psychiatry. 1995;58(2):136-48.",False
"Teri, 1997","Teri, 1997","Teri L, Logsdon RG, Uomoto J, McCurry SM. Behavioral treatment of depression in dementia patients: A controlled clinical trial. The journals of gerontology Series B, Psychological sciences and social sciences. 1997;52(4):P159-66.",False
"Thomas, 2019","Thomas, 2019","Thomas, S. A., Drummond, A. E., Lincoln, N. B., Palmer, R. L., das Nair, R., Latimer, N. R., . . . Topcu, G. (2019). Behavioural activation therapy for post-stroke depression: the BEADS feasibility RCT. Health Technol Assess, 23(47), 1-176. doi:10.3310/hta23470",False
"Thompson, 1987","Thompson, 1987","Thompson LW, Gallagher D, Breckenridge JS. Comparative effectiveness of psychotherapies for depressed elders. Journal of Consulting and Clinical Psychology. 1987;55(3):385.",False
"Titov, 2010","Titov, 2010","Titov N, Andrews G, Davies M, McIntyre K, Robinson E, Solley K. Internet treatment for depression: A randomized controlled trial comparing clinician vs. technician assistance. PLoS One. 2010;5(6):e10939.",False
"Titov, 2015","Titov, 2015","Titov N, Dear BF, Ali S, Zou JB, Lorian CN, Johnston L, et al. Clinical and cost-effectiveness of therapist-guided internet-delivered cognitive behavior therapy for older adults with symptoms of depression: A randomized controlled trial. Behavior Therapy. 2015;46(2):193-205.",False
"Tomasino, 2017","Tomasino, 2017","Tomasino, K., Lattie, E., Ho, J., Palac, H., Kaiser, S., & Mohr, D. (2017). Harnessing Peer Support in an Online Intervention for Older Adults with Depression. American Journal of Geriatric Psychiatry, 25(10), 1109-1119.",False
"Tong, 2019","Tong, 2019","Tong, P., Bu, P., Yang, Y., Dong, L., Sun, T., & Shi, Y. (2019). Group cognitive behavioural therapy can reduce stigma and improve treatment compliance in major depressive disorder patients. Early intervention in psychiatry. doi:10.1111/eip.12841",False
"Tovote, 2014","Tovote, 2014","Tovote KA, Fleer J, Snippe E, Peeters A, Emmelkamp PMG, Sanderman R, et al. Individual mindfulness-based cognitive therapy and cognitive behavior therapy for treating depressive symptoms in patients with diabetes: Results of a randomized controlled trial. Diabetes care. 2014;37(9):2427-34.",False
"Town, 2017","Town, 2017","Town, J., Abbass, A., Stride, C., & Bernier, D. (2017). A randomised controlled trial of Intensive Short-Term Dynamic Psychotherapy for treatment resistant depression: the Halifax Depression Study. Journal of Affective Disorders, 214, 15-25.",False
"Tulbure, 2018","Tulbure, 2018","Tulbure BT, Andersson G, Salagean N, Pearce M, Koenig HG. Religious versus Conventional Internet-based Cognitive Behavioral Therapy for Depression. J Relig Health 2018; 57(5): 1634-48.",False
"Turner, 1979","Turner, 1979","Turner RW, Ward MF, Turner DJ. Behavioral treatment for depression: An evaluation of therapeutic components. Journal of clinical psychology. 1979;35(1):166-75.",False
"Unlu, 2013","Unlu, 2013","Unlu Ince B, Cuijpers P, t Hof E, Ballegooijen W, Christensen H, Riper H. Internet-based, culturally sensitive, problem-solving therapy for Turkish migrants with depression: Randomized controlled trial. Journal of Medical Internet Research. 2013;15(10):e227.",False
"V, 2013","Vazquez, 2013","Vázquez González FL, Otero Otero P, Torres Iglesias A, Hermida Garcìa E, Blanco Seoane V, Dìaz Fernández O. A brief problem-solving indicated-prevention intervention for prevention of depression in nonprofessional caregivers. Psicothema. 2013;25(1):87-92.",False
"V, 2017","Vázquez, 2017","Vázquez, F. L., Torres, Á., Otero, P., Blanco, V., Díaz, O., & Estévez, L. E. (2017). Analysis of the components of a cognitive-behavioral intervention administered via conference call for preventing depression among non-professional caregivers: A pilot study. Aging Ment Health, 21(9), 938-946.",False
"Verduyn, 2003","Verduyn, 2003","Verduyn C, Barrowclough C, Roberts J, Tarrier N, Harrington R. Maternal depression and child behaviour problems: Randomised placebo-controlled trial of a cognitive-behavioural group intervention. British Journal of Psychiatry. 2003;183(OCT.):342-8.",False
"Warmerdam, 2008","Warmerdam, 2008","Warmerdam L, Straten A, Twisk J, Riper H, Cuijpers P. Internet-based treatment for adults with depressive symptoms: Randomized controlled trial. Journal of Medical Internet Research. 2008;10(4):e44.",False
"Watson, 2003","Watson, 2003","Watson JC, Gordon LB, Stermac L, Kalogerakos F, Steckley P. Comparing the effectiveness of process-experiential with cognitive-behavioral psychotherapy in the treatment of depression. Journal of Consulting and Clinical Psychology. 2003;71(4):773-81.",False
"Westerhof, 2019","Westerhof, 2019","Westerhof, G. J., Lamers, S. M. A., Postel, M. G., & Bohlmeijer, E. T. (2019). Online Therapy for Depressive Symptoms: An Evaluation of Counselor-Led and Peer-Supported Life Review Therapy. The Gerontologist, 59(1), 135-146. doi:10.1093/geront/gnx140",False
"Wickberg, 1996","Wickberg, 1996","Wickberg B, Hwang CP. Counselling of postnatal depression: A controlled study on a population based Swedish sample. Journal of Affective Disorders. 1996;39(3):209-16.",False
"Wiklund, 2010","Wiklund, 2010","Wiklund I, Mohlkert P, Edman G. Evaluation of a brief cognitive intervention in patients with signs of postnatal depression: A randomized controlled trial. Acta obstetricia et gynecologica Scandinavica. 2010;89(8):1100-4.",False
"Williams, 2000","Williams, 2000","Williams JW, Barrett J, Oxman T, Frank E, Katon W, Sullivan M, et al. Treatment of dysthymia and minor depression in primary care: A randomized controlled trial in older adults. JAMA. 2000;284(12):1519-26.",False
"Williams, 2013 I","Williams, 2013 I","Williams AD, Blackwell SE, Mackenzie A, Holmes EA, Andrews G. Combining imagination and reason in the treatment of depression: A randomized controlled trial of internet-based cognitive-bias modification and internet-CBT for depression. Journal of Consulting and Clinical Psychology. 2013;81(5):793-9.",False
"Williams, 2013 II","Williams, 2013 II","Williams C, Wilson P, Morrison J, McMahon A, Andrew W, Allan L, et al. Guided self-help cognitive behavioural therapy for depression in primary care: A randomised controlled trial. PLoS One. 2013;8(1):e52735.",False
"Williams, 2018","Williams, 2018","Williams C, McClay CA, Matthews L, et al. Community-based group guided self-help intervention for low mood and stress: Randomised controlled trial. British Journal of Psychiatry 2018; 212(2): 88-95.",False
"Wilson, 1983","Wilson, 1983","Wilson PH, Goldin JC, Charbonneau-Powis M. Comparative efficacy of behavioral and cognitive treatments of depression. Cognitive Therapy and Research. 1983;7(2):111-24.",False
"Wollersheim, 1991","Wollersheim, 1991","Wollersheim JP, Wilson GL. Group treatment of unipolar depression: A comparison of coping, supportive, bibliotherapy, and delayed treatment groups. Professional Psychology: Research and Practice. 1991;22(6):496.",False
"Wong, 2008","Wong I, 2008",Wong DF. Cognitive and health-related outcomes of group cognitive behavioural treatment for people with depressive symptoms in Hong Kong: Randomized wait-list control study. Australian and New Zealand Journal of Psychiatry. 2008;42(8):702-11.,False
"Wong, 2008","Wong II, 2008",Wong DF. Cognitive behavioral treatment groups for people with chronic depression in Hong Kong: A randomized wait-list control design. Depression and anxiety. 2008;25(2):142-8.,False
"Wong, 2018","Wong, 2018","Wong SYS, Sun YY, Chan ATY, et al. Treating Subthreshold Depression in Primary Care: a Randomized Controlled Trial of Behavioral Activation With Mindfulness. Annals of family medicine 2018; 16(2): 111‐9.",False
"Wuthrich, 2013","Wuthrich, 2013","Wuthrich VM, Rapee RM. Randomised controlled trial of group cognitive behavioural therapy for comorbid anxiety and depression in older adults. Behaviour Research and Therapy. 2013;51(12):779-86.",False
"Xie, 2019","Xie, 2019","Xie, J., He, G., Ding, S., Pan, C., Zhang, X., Zhou, J., & Iennaco, J. D. (2019). A randomized study on the effect of modified behavioral activation treatment for depressive symptoms in rural left-behind elderly. Psychotherapy research : journal of the Society for Psychotherapy Research, 29(3), 372-382. doi:10.1080/10503307.2017.1364444",False
"Yeung, 2017","Yeung, 2017","Yeung, A., Wang, F., Feng, F., Zhang, J., Cooper, A., Hong, L., . . . Fava, M. (2017). Outcomes of an online computerized cognitive behavioral treatment program for treating chinese patients with depression: A pilot study. Asian journal of psychiatry. doi:10.1016/j.ajp.2017",False
"Zemestani, 2016","Zemestani, 2016","Zemestani M, Davoodi I, Honarmand MM, Zargar Y, Ottaviani C. Comparative effects of group metacognitive therapy versus behavioural activation in moderately depressed students. Journal of Mental Health. 2016;25(6):479-85.",False
"Zemestani, 2019","Zemestani, 2019","Zemestani, M., & Fazeli Nikoo, Z. (2019). Effectiveness of mindfulness-based cognitive therapy for comorbid depression and anxiety in pregnancy: a randomized controlled trial. Archives of Women's Mental Health. doi:10.1007/s00737-019-00962-8",False
"Zettle, 1989","Zettle, 1989","Zettle RD, Rains JC. Group cognitive and contextual therapies in treatment of depression. Journal of clinical psychology. 1989;45(3):436-45.",False
"van, 2006","Van Schaik, 2006","van Schaik A, van Marwijk H, Adèr H, van Dyck R, de Haan M, Penninx B, et al. Interpersonal psychotherapy for elderly patients in primary care. The American Journal of Geriatric Psychiatry. 2006;14(9):777-86.",False
"van, 2011","Van Bastelaar, 2011","van Bastelaar KM, Pouwer F, Cuijpers P, Riper H, Snoek FJ. Web-based depression treatment for type 1 and type 2 diabetic patients: A randomized, controlled trial. Diabetes care. 2011;34(2):320-5.",False